Long,Lat,OBJECTID,Ward,WardCode,State,StateCode,Lga,LgaCode,Shape_Leng,Shape_Area,Location_I
5.3959,13.1670,117,ACHIDA,8,SOKOTO,SO,WURNO,22,0.0155682334,0.0000153563,WURNOACHIDA
5.6208,11.8125,129,ADABKA,1,ZAMFARA,ZF,BUKKUYUM,4,0.7176088743,0.0289270241,BUKKUYUMADABKA
5.5103,11.1162,132,ADAI,1,KEBBI,KB,SAKABA,16,0.4431569659,0.0110758275,SAKABAADAI
4.4953,10.7923,145,ADEHE,1,NIGER,NG,AGWARA,2,0.1511897377,0.0003755019,AGWARAADEHE
7.1941,9.5657,183,ADUNU,1,NIGER,NG,PAIKORO,19,0.2699066056,0.0027607659,PAIKOROADUNU
4.7055,10.8360,316,AGWATA,2,NIGER,NG,AGWARA,2,0.1356394879,0.0003282271,AGWARAAGWATA
5.9400,9.6877,417,AKARE,1,NIGER,NG,WUSHISHI,25,0.3028188704,0.004967486,WUSHISHIAKARE
4.5064,12.1327,541,ALELU/GEHURU,1,KEBBI,KB,JEGA,11,0.4628860069,0.0114831328,JEGAALELU/GEHURU
4.4702,12.2870,547,ALIERO  DANGALADIMA I,1,KEBBI,KB,ALIERO,1,0.0110686043,0.00000442155,ALIEROALIERO  DANGALADIMA I
4.4321,12.2704,548,ALIERO  DANGALADIMA II,2,KEBBI,KB,ALIERO,1,0.3203319039,0.0024596911,ALIEROALIERO  DANGALADIMA II
4.4683,12.2899,549,ALIERO S/FADA I,3,KEBBI,KB,ALIERO,1,0.0197070413,0.00001435869,ALIEROALIERO S/FADA I
4.4587,12.3042,550,ALIERO S/FADA II,4,KEBBI,KB,ALIERO,1,0.3693164437,0.0066638248,ALIEROALIERO S/FADA II
3.9174,11.5869,554,ALJANNARE,1,KEBBI,KB,SURU,18,0.3220562223,0.0060821186,SURUALJANNARE
5.3581,13.1296,557,ALKAMMU/GYELGYEL,9,SOKOTO,SO,WURNO,22,0.1395568055,0.0011019393,WURNOALKAMMU/GYELGYEL
6.6697,10.3489,561,ALLAWA,1,NIGER,NG,SHIRORO,22,0.7775105595,0.0356010484,SHIROROALLAWA
4.4305,12.5930,576,ALWASA/GOTOMO,1,KEBBI,KB,ARGUNGU,3,0.2488335,0.0023857329,ARGUNGUALWASA/GOTOMO
4.3220,12.5274,655,AMBURSA,14,KEBBI,KB,BIRNIN KEBBI,6,0.1605448534,0.000299231,BIRNIN KEBBIAMBURSA
4.4242,11.8592,712,ANDARAI/ KURUNKWU/ ZONGUN LIBA,1,KEBBI,KB,MAIYAMA,14,0.617608699,0.0185736997,MAIYAMAANDARAI/ KURUNKWU/ ZONGUN LIBA
5.3521,13.7411,764,ARABA,7,SOKOTO,SO,ILLELA,8,0.242874662,0.00242684,ILLELAARABA
5.4717,10.4081,786,AREWA,1,NIGER,NG,KONTAGORA,11,0.008258655,0.00000408573,KONTAGORAAREWA
6.5776,9.0621,787,AREWA/YAMMA,1,NIGER,NG,LAPAI,12,0.1284088862,0.0002315686,LAPAIAREWA/YAMMA
5.2150,13.0258,797,ARKILLA,1,SOKOTO,SO,WAMAKKO,21,0.1375779877,0.0012989847,WAMAKKOARKILLA
5.3162,13.5660,830,ASARA  AREWA,2,SOKOTO,SO,GWADABAWA,7,0.2337676082,0.0035765199,GWADABAWAASARA  AREWA
5.2873,13.4603,831,ASARA KUDU,1,SOKOTO,SO,GWADABAWA,7,0.2775655658,0.0043832098,GWADABAWAASARA KUDU
5.1593,13.3622,867,ATAKWANYO,3,SOKOTO,SO,GWADABAWA,7,0.26190245,0.0039346473,GWADABAWAATAKWANYO
4.6941,11.3879,897,ATUWO,1,KEBBI,KB,SHANGA,17,0.4585148875,0.0099996739,SHANGAATUWO
4.5881,12.8897,903,AUGIE NORTH,1,KEBBI,KB,AUGIE,4,0.0620650481,0.00006730335,AUGIEAUGIE NORTH
4.6051,12.9096,904,AUGIE SOUTH,2,KEBBI,KB,AUGIE,4,0.0928597331,0.0003592342,AUGIEAUGIE SOUTH
4.7305,10.1591,907,AUNA CENTRAL,1,NIGER,NG,MAGAMA,14,0.512140813,0.0097956826,MAGAMAAUNA CENTRAL
5.0439,10.2998,908,AUNA EAST,3,NIGER,NG,MAGAMA,14,0.3660723755,0.0071713507,MAGAMAAUNA EAST
4.9632,10.3713,909,AUNA EAST CENTRAL,2,NIGER,NG,MAGAMA,14,0.5413588867,0.008751277,MAGAMAAUNA EAST CENTRAL
4.7594,10.0044,910,AUNA SOUTH,5,NIGER,NG,MAGAMA,14,0.4282970264,0.0075689549,MAGAMAAUNA SOUTH
4.7937,10.1626,911,AUNA SOUTH EAST,4,NIGER,NG,MAGAMA,14,0.8588606226,0.0392938442,MAGAMAAUNA SOUTH EAST
4.4377,13.5933,972,AWULKITI,7,SOKOTO,SO,GUDU,6,0.1767103198,0.0004093504,GUDUAWULKITI
5.8775,11.2064,1010,AYU,1,KEBBI,KB,WASAGU/DANKO,19,0.4226543678,0.0112694927,WASAGU/DANKOAYU
3.8923,10.4376,1043,BABANNA,1,NIGER,NG,BORGU,4,1.2484910903,0.0722393851,BORGUBABANNA
5.3615,10.2054,1047,BABBAN  RAMI,1,NIGER,NG,MASHEGU,16,1.0533066186,0.0391351553,MASHEGUBABBAN  RAMI
4.1810,13.3840,1057,BACHAKA,3,SOKOTO,SO,GUDU,6,0.3825374194,0.0074493949,GUDUBACHAKA
6.4978,13.0255,1063,BADARAWA,1,ZAMFARA,ZF,SHINKAFI,11,0.1543737734,0.0010219035,SHINKAFIBADARAWA
4.1924,12.3010,1066,BADARIYA/MAGARZA,1,KEBBI,KB,KALGO,12,0.1085506003,0.0002665435,KALGOBADARIYA/MAGARZA
5.1649,12.7882,1067,BADAU/DARHELA,5,SOKOTO,SO,BODINGA,2,0.093644545,0.0005323234,BODINGABADAU/DARHELA
6.1864,9.0846,1068,BADEGGI,2,NIGER,NG,KATCHA,10,0.2330466155,0.0029556134,KATCHABADEGGI
5.1944,12.9916,1071,BADO/KASARAWA,2,SOKOTO,SO,WAMAKKO,21,0.149943894,0.0014440748,WAMAKKOBADO/KASARAWA
7.1836,9.1870,1080,BAGAMA \B\,2,NIGER,NG,SULEJA,23,0.0363449396,0.0000505916,SULEJABAGAMA \B\
5.2044,12.8948,1084,BAGARAWA,2,SOKOTO,SO,BODINGA,2,0.1020140189,0.0004510311,BODINGABAGARAWA
4.5833,12.8790,1085,BAGAYE/MERA,3,KEBBI,KB,AUGIE,4,0.2691674676,0.0021286962,AUGIEBAGAYE/MERA
6.0067,11.8840,1087,BAGEGA,1,ZAMFARA,ZF,ANKA,1,0.5422893201,0.0156267222,ANKABAGEGA
4.7516,12.2686,1089,BAGIDA/LUKKINGO,4,SOKOTO,SO,TAMBUWAL,18,0.5024635918,0.0102812305,TAMBUWALBAGIDA/LUKKINGO
7.1850,9.1765,1092,BAGMAMA \A\,1,NIGER,NG,SULEJA,23,0.0196987242,0.00002015982,SULEJABAGMAMA \A\
4.2030,11.3956,1094,BAGUDO/TUGA,1,KEBBI,KB,BAGUDO,5,0.3633197853,0.0080996752,BAGUDOBAGUDO/TUGA
4.1232,11.4766,1097,BAHINDI/BOKI-DOMA,2,KEBBI,KB,BAGUDO,5,0.3528801546,0.0046503629,BAGUDOBAHINDI/BOKI-DOMA
4.9134,11.4787,1105,BAJIDA,1,KEBBI,KB,FAKAI,9,0.937475818,0.0379238954,FAKAIBAJIDA
4.9532,12.8701,1110,BAKALE,10,SOKOTO,SO,YABO,23,0.3200517597,0.0053875287,YABOBAKALE
4.5747,12.1848,1118,BAKAYA/SABON BIRNI,2,SOKOTO,SO,TAMBUWAL,18,0.2507349049,0.0027384037,TAMBUWALBAKAYA/SABON BIRNI
6.2368,8.9448,1119,BAKEKO,1,NIGER,NG,KATCHA,10,0.2450123988,0.0030508462,KATCHABAKEKO
5.8735,12.7091,1127,BAKURA,1,ZAMFARA,ZF,BAKURA,2,0.0344848607,0.00005251834,BAKURABAKURA
4.0471,11.9270,1128,BAKUWAI,4,KEBBI,KB,SURU,18,0.4427041492,0.011363351,SURUBAKUWAI
4.6620,13.4655,1139,BALLE,6,SOKOTO,SO,GUDU,6,0.4854496789,0.0115124527,GUDUBALLE
4.1004,11.7891,1156,BANDAN,2,KEBBI,KB,SURU,18,0.3954603921,0.0076018076,SURUBANDAN
6.6383,12.5078,1158,BANGA,1,ZAMFARA,ZF,KAURA NAMODA,8,0.2024699819,0.0027210984,KAURA NAMODABANGA
6.6492,9.8570,1159,BANGAJIYA,2,NIGER,NG,SHIRORO,22,0.5301031658,0.0112163439,SHIROROBANGAJIYA
5.8136,10.7520,1160,BANGI,1,NIGER,NG,MARIGA,15,0.5282917812,0.0147358134,MARIGABANGI
5.2695,12.7165,1161,BANGI/DABAGA,9,SOKOTO,SO,BODINGA,2,0.4347144039,0.0123799577,BODINGABANGI/DABAGA
4.6982,11.5972,1164,BANGU/GARINISA,2,KEBBI,KB,FAKAI,9,0.9693512806,0.0270008385,FAKAIBANGU/GARINISA
3.8045,11.6595,1167,BANI ZUMBU,1,KEBBI,KB,DANDI,8,0.267602327,0.0028185484,DANDIBANI ZUMBU
3.6735,11.3150,1168,BANI/TSAMIYA/KALI,3,KEBBI,KB,BAGUDO,5,1.0774341048,0.0742266817,BAGUDOBANI/TSAMIYA/KALI
5.2328,13.2330,1170,BANKANU/ R KADE,2,SOKOTO,SO,KWARE,10,0.2748856221,0.0041904058,KWAREBANKANU/ R KADE
5.8707,12.1615,1184,BARAYAR-ZAKI,2,ZAMFARA,ZF,ANKA,1,0.9042732409,0.0271802452,ANKABARAYAR-ZAKI
5.4650,12.5868,1185,BARAYAR GIWA,4,SOKOTO,SO,TURETA,20,0.0855456887,0.0003058464,TURETABARAYAR GIWA
4.0042,11.6028,1187,BARBAREJO,3,KEBBI,KB,SURU,18,0.2727413667,0.004308188,SURUBARBAREJO
5.0096,11.9245,1189,BARDOKI,1,ZAMFARA,ZF,GUMMI,6,0.9136945614,0.0489484866,GUMMIBARDOKI
6.4513,13.1765,1194,BARGAJA,6,SOKOTO,SO,ISA,9,0.2114989235,0.0015787905,ISABARGAJA
5.9990,9.0714,1199,BARIKI,1,NIGER,NG,BIDA,3,0.0461922593,0.00009438987,BIDABARIKI
4.7939,12.3830,1201,BARKEJI/NABAGUDA,9,SOKOTO,SO,TAMBUWAL,18,0.3459463609,0.0050957442,TAMBUWALBARKEJI/NABAGUDA
6.4080,8.7054,1205,BARO,1,NIGER,NG,AGAIE,1,0.604021174,0.0203999147,AGAIEBARO
6.0724,9.7285,1206,BARWA,2,NIGER,NG,WUSHISHI,25,0.0137657746,0.0000103884,WUSHISHIBARWA
5.3234,13.0937,1210,BASANSAN,3,SOKOTO,SO,KWARE,10,0.1394542223,0.0006926283,KWAREBASANSAN
4.6947,12.3187,1214,BASHIRE/MAIKADA,3,SOKOTO,SO,TAMBUWAL,18,0.3519787358,0.0084756062,TAMBUWALBASHIRE/MAIKADA
6.5484,10.1389,1219,BASSA/KUKOKI,3,NIGER,NG,SHIRORO,22,0.7180933401,0.0277697244,SHIROROBASSA/KUKOKI
6.1191,9.1163,1226,BATAGI,1,NIGER,NG,GBAKO,8,0.0690260162,0.0002759095,GBAKOBATAGI
6.0010,9.3258,1229,BATAKO,2,NIGER,NG,GBAKO,8,0.6215625835,0.0165193602,GBAKOBATAKO
5.7002,9.2290,1231,BATATI,2,NIGER,NG,LAVUN,13,0.324240705,0.0053249812,LAVUNBATATI
4.7148,12.8428,1244,BAYAWA NORTH,4,KEBBI,KB,AUGIE,4,0.1441014747,0.0004760867,AUGIEBAYAWA NORTH
4.7270,12.7790,1245,BAYAWA SOUTH,5,KEBBI,KB,AUGIE,4,0.3216349666,0.0052222568,AUGIEBAYAWA SOUTH
5.3357,11.4272,1251,BEDI,1,KEBBI,KB,ZURU,21,0.3128508199,0.0035244294,ZURUBEDI
6.3178,9.6090,1256,BEJI,1,NIGER,NG,BOSSO,5,0.3051823185,0.004940398,BOSSOBEJI
5.9707,11.3002,1261,BENA,2,KEBBI,KB,WASAGU/DANKO,19,0.4505528822,0.0097729648,WASAGU/DANKOBENA
7.1704,9.6577,1266,BENI,1,NIGER,NG,MUNYA,18,0.1444637591,0.0004189802,MUNYABENI
5.7156,10.4112,1272,BERI,2,NIGER,NG,MARIGA,15,0.8330933357,0.0301431135,MARIGABERI
4.3958,11.2856,1273,BESSE,7,KEBBI,KB,KOKO/BESSE,13,0.3179096264,0.0039668826,KOKO/BESSEBESSE
6.9460,11.8522,1291,BILBIS,11,ZAMFARA,ZF,TSAFE,13,0.463690619,0.0113150018,TSAFEBILBIS
6.3331,11.5420,1300,BINDIN,1,ZAMFARA,ZF,MARU,10,1.0696669482,0.0615217291,MARUBINDIN
4.9665,12.6801,1302,BINGAJE,2,SOKOTO,SO,YABO,23,0.1468722696,0.0011870554,YABOBINGAJE
6.3525,11.9490,1303,BINGI,2,ZAMFARA,ZF,MARU,10,0.777158667,0.0366114336,MARUBINGI
6.4814,12.0514,1304,BINGI NORTH,1,ZAMFARA,ZF,BUNGUDU,5,0.5978306402,0.0221308506,BUNGUDUBINGI NORTH
6.5073,11.7410,1305,BINGI SOUTH,2,ZAMFARA,ZF,BUNGUDU,5,0.6488038487,0.0255058696,BUNGUDUBINGI SOUTH
4.9112,13.2241,1306,BINJI,3,SOKOTO,SO,BINJI,1,0.0309008459,0.000037204,BINJIBINJI
4.8471,12.8208,1307,BINJI,3,SOKOTO,SO,YABO,23,0.1824679319,0.0013056589,YABOBINJI
4.5249,10.9506,1308,BINUWA/GEBE/BUNKUJI,2,KEBBI,KB,SHANGA,17,0.7791037551,0.0302771717,SHANGABINUWA/GEBE/BUNKUJI
5.8092,13.4586,1317,BIRJINGO,10,SOKOTO,SO,GORONYO,5,0.2063780323,0.0016946148,GORONYOBIRJINGO
6.2169,12.4898,1318,BIRNIN KAYA / DOSARA,1,ZAMFARA,ZF,MARADUN,9,0.3621921968,0.0085199929,MARADUNBIRNIN KAYA / DOSARA
4.1916,12.4632,1319,BIRNIN KEBBI DANGALADIMA,4,KEBBI,KB,BIRNIN KEBBI,6,0.0174126017,0.00001933287,BIRNIN KEBBIBIRNIN KEBBI DANGALADIMA
4.1953,12.4668,1320,BIRNIN KEBBI MAFARA,3,KEBBI,KB,BIRNIN KEBBI,6,0.0218586101,0.00002996588,BIRNIN KEBBIBIRNIN KEBBI MAFARA
6.8317,12.6181,1322,BIRNIN MAGAJI,1,ZAMFARA,ZF,BIRNIN MAGAJI,3,0.1484866731,0.0012676644,BIRNIN MAGAJIBIRNIN MAGAJI
5.2913,12.1632,1323,BIRNIN MAGAJI,2,ZAMFARA,ZF,GUMMI,6,0.0698460271,0.000094932,GUMMIBIRNIN MAGAJI
6.6960,8.9879,1324,BIRNIN MAZA/TASHIBO,2,NIGER,NG,LAPAI,12,0.5948399822,0.012673907,LAPAIBIRNIN MAZA/TASHIBO
6.0292,12.6746,1325,BIRNIN TUDU,2,ZAMFARA,ZF,BAKURA,2,0.3545958888,0.0068562045,BAKURABIRNIN TUDU
4.9793,11.5399,1326,BIRNIN TUDU,3,KEBBI,KB,FAKAI,9,0.5480843641,0.0133654873,FAKAIBIRNIN TUDU
5.3026,12.0635,1327,BIRNIN TUDU,3,ZAMFARA,ZF,GUMMI,6,0.3951086031,0.0103760758,GUMMIBIRNIN TUDU
4.6726,12.9033,1328,BIRNIN TUDU/GUDALE,6,KEBBI,KB,AUGIE,4,0.1592377243,0.0009996736,AUGIEBIRNIN TUDU/GUDALE
4.8405,10.8058,1329,BIRNIN YAURI,1,KEBBI,KB,NGASKI,15,0.4113141477,0.0106347131,NGASKIBIRNIN YAURI
5.0676,12.8655,1331,BIRNIRUWA,9,SOKOTO,SO,YABO,23,0.1238729414,0.0006476655,YABOBIRNIRUWA
6.2183,9.3464,1334,BISANTI,3,NIGER,NG,KATCHA,10,0.397198818,0.0071494807,KATCHABISANTI
4.1111,12.7387,1345,BIU,1,KEBBI,KB,AREWA,2,0.6981066233,0.0294747444,AREWABIU
5.9254,10.2964,1346,BOBI,3,NIGER,NG,MARIGA,15,0.7479375099,0.0384618533,MARIGABOBI
5.3353,12.8007,1349,BODAI/JURGA,3,SOKOTO,SO,DANGE/SHUNI,3,0.1766459698,0.0016679851,DANGE/SHUNIBODAI/JURGA
5.1507,12.8376,1353,BODINGA/TAUMA,1,SOKOTO,SO,BODINGA,2,0.0603707588,0.0002386096,BODINGABODINGA/TAUMA
5.2370,9.4375,1373,BOKANI,1,NIGER,NG,MOKWA,17,0.3734045885,0.002839823,MOKWABOKANI
6.4827,12.7765,1375,BOKO,1,ZAMFARA,ZF,ZURMI,14,0.3815073465,0.0071440503,ZURMIBOKO
6.4442,9.0084,1377,BOKU,2,NIGER,NG,AGAIE,1,0.604230374,0.0180068096,AGAIEBOKU
6.9261,9.3472,1400,BONU,1,NIGER,NG,GURARA,9,0.3788072755,0.0073976726,GURARABONU
6.5090,9.6365,1411,BOSSO CENTRAL  I,2,NIGER,NG,BOSSO,5,0.1618706988,0.0008437261,BOSSOBOSSO CENTRAL  I
6.5470,9.6718,1412,BOSSO CENTRAL  II,3,NIGER,NG,BOSSO,5,0.1489823037,0.0010598881,BOSSOBOSSO CENTRAL  II
5.5597,13.4227,1414,BOYEKAI,3,SOKOTO,SO,GORONYO,5,0.2620320329,0.0016164847,GORONYOBOYEKAI
4.6302,12.8460,1425,BUBUCE,7,KEBBI,KB,AUGIE,4,0.0785880075,0.0001136394,AUGIEBUBUCE
5.4722,12.1521,1450,BUKKUYUM,2,ZAMFARA,ZF,BUKKUYUM,4,0.4823464415,0.0093092581,BUKKUYUMBUKKUYUM
3.7321,11.6882,1465,BUMA,2,KEBBI,KB,DANDI,8,0.5934908582,0.0132395976,DANDIBUMA
6.6157,12.2982,1472,BUNGUDU,3,ZAMFARA,ZF,BUNGUDU,5,0.316880045,0.0042994102,BUNGUDUBUNGUDU
4.9279,13.1160,1475,BUNKARI,8,SOKOTO,SO,BINJI,1,0.1793880507,0.0012749983,BINJIBUNKARI
4.0149,12.0551,1482,BUNZA DANGALADIMA,2,KEBBI,KB,BUNZA,7,0.1644190291,0.0013331984,BUNZABUNZA DANGALADIMA
3.9876,12.0904,1483,BUNZA MARAFA,1,KEBBI,KB,BUNZA,7,0.2060772829,0.0023513723,BUNZABUNZA MARAFA
6.0112,8.9141,1493,BUSU/KUCHI,1,NIGER,NG,LAVUN,13,0.5632821476,0.0151705359,LAVUNBUSU/KUCHI
4.5263,10.7193,1494,BUSURU,3,NIGER,NG,AGWARA,2,0.5077798467,0.0064561072,AGWARABUSURU
6.0147,9.1041,1505,CENIYAN,2,NIGER,NG,BIDA,3,0.0993551694,0.0004577409,BIDACENIYAN
5.4740,10.4031,1506,CENTRAL,2,NIGER,NG,KONTAGORA,11,0.0176422286,0.00002128489,KONTAGORACENTRAL
5.5993,13.2384,1518,CHACHO/MARNONA,6,SOKOTO,SO,WURNO,22,0.9073636963,0.0228067239,WURNOCHACHO/MARNONA
6.5572,9.5550,1525,CHANCHAGA,4,NIGER,NG,BOSSO,5,0.2023118358,0.0021143695,BOSSOCHANCHAGA
4.5515,12.5211,1529,CHEBERU/BADA,1,KEBBI,KB,GWANDU,10,0.6784676571,0.0259607628,GWANDUCHEBERU/BADA
6.9561,11.9993,1531,CHEDIYA,9,ZAMFARA,ZF,TSAFE,13,0.2640124839,0.004056877,TSAFECHEDIYA
3.8606,12.4807,1532,CHIBIKE,2,KEBBI,KB,AREWA,2,0.3891798041,0.0082816473,AREWACHIBIKE
6.5086,12.9520,1540,CHIKI,2,ZAMFARA,ZF,SHINKAFI,11,0.2475634494,0.0026656985,SHINKAFICHIKI
4.2776,13.2912,1544,CHILAS/MAKUYA,2,SOKOTO,SO,GUDU,6,0.4625690394,0.0075909552,GUDUCHILAS/MAKUYA
6.9149,9.4594,1545,CHIMBI,2,NIGER,NG,PAIKORO,19,0.8934669864,0.0100355452,PAIKOROCHIMBI
5.3502,13.3200,1546,CHIMMOLA/KUDU,4,SOKOTO,SO,GWADABAWA,7,0.1859376279,0.0011048227,GWADABAWACHIMMOLA/KUDU
5.3438,13.3834,1547,CHIMOLA AREWA,5,SOKOTO,SO,GWADABAWA,7,0.306332744,0.0050365908,GWADABAWACHIMOLA AREWA
4.7065,10.6374,1563,CHULU/KOMA,1,KEBBI,KB,YAURI,20,0.0538546035,0.000080964,YAURICHULU/KOMA
5.2812,11.4865,1566,CIROMAN DABAI,2,KEBBI,KB,ZURU,21,0.3028070653,0.0026659645,ZURUCIROMAN DABAI
5.6678,9.2701,1581,DABBAN,5,NIGER,NG,LAVUN,13,0.3059045962,0.0033850244,LAVUNDABBAN
4.4489,11.5379,1588,DADA/ALELU,4,KEBBI,KB,KOKO/BESSE,13,0.1671603582,0.0010081571,KOKO/BESSEDADA/ALELU
4.0701,11.6583,1607,DAKINGARI,5,KEBBI,KB,SURU,18,0.2391674452,0.0012264215,SURUDAKINGARI
5.7929,12.3105,1608,DAKKO,7,ZAMFARA,ZF,BAKURA,2,0.2039634172,0.0027615676,BAKURADAKKO
4.5130,12.5868,1615,DALIJAN,2,KEBBI,KB,GWANDU,10,0.3256857949,0.0038053565,GWANDUDALIJAN
6.4256,12.4051,1618,DAMAGA / DAMAGIWA,2,ZAMFARA,ZF,MARADUN,9,0.2731588455,0.0034119234,MARADUNDAMAGA / DAMAGIWA
5.2387,13.5622,1632,DAMBA,3,SOKOTO,SO,ILLELA,8,0.3137064693,0.0064574829,ILLELADAMBA
5.8422,12.4321,1640,DAMRI,3,ZAMFARA,ZF,BAKURA,2,0.4110234835,0.0073409389,BAKURADAMRI
6.7571,12.3432,1642,DAN - ISA,2,ZAMFARA,ZF,KAURA NAMODA,8,0.3640216724,0.0069187151,KAURA NAMODADAN - ISA
5.9066,12.0530,1647,DAN GALADIMA,3,ZAMFARA,ZF,ANKA,1,0.2684808279,0.0016346384,ANKADAN GALADIMA
6.1956,11.6044,1649,DAN GULBI,3,ZAMFARA,ZF,MARU,10,0.5225590245,0.0151420712,MARUDAN GULBI
5.9888,11.5270,1652,DAN KURMI,4,ZAMFARA,ZF,MARU,10,0.8621871631,0.0484303174,MARUDAN KURMI
5.8352,12.6424,1653,DAN MANAU,5,ZAMFARA,ZF,BAKURA,2,0.7944177665,0.0341061805,BAKURADAN MANAU
6.5203,11.4129,1657,DAN SADAU,5,ZAMFARA,ZF,MARU,10,0.9019554261,0.0461139202,MARUDAN SADAU
6.0458,11.3507,1658,DAN UMARU/MAIRAIRAI,3,KEBBI,KB,WASAGU/DANKO,19,0.5846242884,0.0212519144,WASAGU/DANKODAN UMARU/MAIRAIRAI
5.2165,12.7927,1672,DANCHADI,8,SOKOTO,SO,BODINGA,2,0.1985821247,0.0022136369,BODINGADANCHADI
6.8724,9.6620,1678,DANDAUDU,2,NIGER,NG,MUNYA,18,0.1940599207,0.0011077048,MUNYADANDAUDU
5.1245,12.6987,1680,DANDIN MAHE,3,SOKOTO,SO,SHAGARI,14,0.2809280472,0.004361677,SHAGARIDANDIN MAHE
6.8902,12.5727,1688,DANFAMI SABON BIRINI,2,ZAMFARA,ZF,BIRNIN MAGAJI,3,0.3223695346,0.0042192856,BIRNIN MAGAJIDANFAMI SABON BIRINI
4.2601,12.1928,1690,DANGAMAJI,2,KEBBI,KB,JEGA,11,0.3693599993,0.007693595,JEGADANGAMAJI
5.3296,12.8513,1692,DANGE,1,SOKOTO,SO,DANGE/SHUNI,3,0.1032401369,0.0006172258,DANGE/SHUNIDANGE
4.0974,12.2874,1693,DANGOMA/GAYI,2,KEBBI,KB,KALGO,12,0.2879887512,0.0045526032,KALGODANGOMA/GAYI
7.0735,9.9968,1695,DANGUNU,3,NIGER,NG,MUNYA,18,0.2457572609,0.0037003718,MUNYADANGUNU
4.0911,11.9999,1700,DANIYA/SHEMA,7,KEBBI,KB,SURU,18,0.2225266016,0.0022768568,SURUDANIYA/SHEMA
6.8377,11.7548,1704,DANJIBGA/KUNCHIN - KALGO,5,ZAMFARA,ZF,TSAFE,13,0.3746633862,0.0062581011,TSAFEDANJIBGA/KUNCHIN - KALGO
5.9221,12.7316,1706,DANKADU,4,ZAMFARA,ZF,BAKURA,2,0.5024155574,0.0076378916,BAKURADANKADU
5.4109,13.2726,1709,DANKEMU,3,SOKOTO,SO,WURNO,22,0.1041124669,0.0005929752,WURNODANKEMU
5.1705,11.6846,1710,DANKO/MAGA,4,KEBBI,KB,WASAGU/DANKO,19,0.689882661,0.0244473681,WASAGU/DANKODANKO/MAGA
5.7551,11.1049,1711,DANKOLO,2,KEBBI,KB,SAKABA,16,0.3416016617,0.0064980939,SAKABADANKOLO
5.3171,11.2416,1717,DANRANGI,1,NIGER,NG,RIJAU,21,0.4422908992,0.0121169617,RIJAUDANRANGI
4.4111,12.2556,1725,DANWARAI,5,KEBBI,KB,ALIERO,1,0.0241903557,0.00001418332,ALIERODANWARAI
5.2610,9.6412,1729,DAPANGI/MAKERA,2,NIGER,NG,MASHEGU,16,1.1028663539,0.0524971774,MASHEGUDAPANGI/MAKERA
5.3960,13.5467,1743,DARNA/ SABON GARI,4,SOKOTO,SO,ILLELA,8,0.4074928618,0.0079888459,ILLELADARNA/ SABON GARI
5.4610,13.5213,1744,DARNE/ TSOLAWO,5,SOKOTO,SO,ILLELA,8,0.1917062134,0.001884887,ILLELADARNE/ TSOLAWO
5.5161,9.3429,1748,DASSUN,3,NIGER,NG,LAVUN,13,0.5554970019,0.0117942841,LAVUNDASSUN
6.3374,8.9722,1749,DAUACI,8,NIGER,NG,AGAIE,1,0.4326089022,0.0092834176,AGAIEDAUACI
7.1819,11.9553,1751,DAUKI,6,ZAMFARA,ZF,TSAFE,13,0.2830657129,0.0050273265,TSAFEDAUKI
4.3244,13.1803,1755,DAURA/SAKKWABE/JARKUKA,3,KEBBI,KB,AREWA,2,0.8332138344,0.0319046716,AREWADAURA/SAKKWABE/JARKUKA
6.7576,12.6785,1756,DAURAN / BIRNIN-TSABA,2,ZAMFARA,ZF,ZURMI,14,0.455288343,0.0137258266,ZURMIDAURAN / BIRNIN-TSABA
7.0057,9.5871,1779,DAZA,4,NIGER,NG,MUNYA,18,0.2059168723,0.0024549168,MUNYADAZA
4.1735,11.9830,1792,DENDANE,6,KEBBI,KB,SURU,18,0.2168128255,0.0020077019,SURUDENDANE
4.0342,12.3571,1802,DIGGI,3,KEBBI,KB,KALGO,12,0.0710343874,0.00007528058,KALGODIGGI
4.5227,12.7427,1806,DIKKO,2,KEBBI,KB,ARGUNGU,3,0.0204113313,0.0000248508,ARGUNGUDIKKO
7.2198,9.3044,1807,DIKO,2,NIGER,NG,GURARA,9,0.1882673379,0.0016829941,GURARADIKO
5.4648,13.3249,1813,DIMBISO,4,SOKOTO,SO,WURNO,22,0.1108383881,0.0004645263,WURNODIMBISO
5.4391,13.2298,1815,DINAWA,7,SOKOTO,SO,WURNO,22,0.157243387,0.000715039,WURNODINAWA
5.1315,12.9440,1820,DINGYADI/BADAWA,6,SOKOTO,SO,BODINGA,2,0.22308186,0.0029008794,BODINGADINGYADI/BADAWA
4.6557,12.4278,1830,DODORU,3,KEBBI,KB,GWANDU,10,0.2034795277,0.0019576217,GWANDUDODORU
7.3108,9.3093,1843,DOGON KURMI,1,NIGER,NG,TAFA,24,0.1645542952,0.0009157807,TAFADOGON KURMI
4.8417,12.4742,1845,DOGONDAJI/SALA,7,SOKOTO,SO,TAMBUWAL,18,0.2902454515,0.0047175529,TAMBUWALDOGONDAJI/SALA
5.4232,11.1347,1860,DOKA/BERE,3,KEBBI,KB,SAKABA,16,0.3472457232,0.0058022727,SAKABADOKA/BERE
5.9733,8.9415,1863,DOKO,4,NIGER,NG,LAVUN,13,0.2498953806,0.0039589374,LAVUNDOKO
5.9913,9.0828,1864,DOKODZA,3,NIGER,NG,BIDA,3,0.0626755154,0.0001769499,BIDADOKODZA
6.4263,12.9304,1867,DOLE,3,ZAMFARA,ZF,ZURMI,14,0.1544709829,0.0010301396,ZURMIDOLE
3.6618,11.7399,1868,DOLEKAINA,3,KEBBI,KB,DANDI,8,0.1752097465,0.0007026437,DANDIDOLEKAINA
4.4335,10.5126,1887,DUGGA,2,NIGER,NG,BORGU,4,0.434290589,0.0099150118,BORGUDUGGA
5.0903,11.0890,1888,DUGGE,2,NIGER,NG,RIJAU,21,0.1516663349,0.0010965478,RIJAUDUGGE
4.6110,11.1057,1890,DUGU TSOHO/DUGU RAHA,3,KEBBI,KB,SHANGA,17,0.6789020949,0.0064445703,SHANGADUGU TSOHO/DUGU RAHA
5.8122,13.7417,1898,DUKAMAJE/ILAH,7,SOKOTO,SO,GADA,4,0.5956449857,0.0091959403,GADADUKAMAJE/ILAH
4.8683,11.2744,1901,DUKKU,3,NIGER,NG,RIJAU,21,0.6851723855,0.0273566653,RIJAUDUKKU
5.3543,12.5812,1905,DUMA,1,SOKOTO,SO,TURETA,20,0.1581498274,0.0004497812,TURETADUMA
4.3027,12.2953,1912,DUNBEGU/BAUSARA,3,KEBBI,KB,JEGA,11,0.2290432298,0.0026114382,JEGADUNBEGU/BAUSARA
5.2244,13.1482,1914,DUNDAYE/GUMBURAWA,8,SOKOTO,SO,WAMAKKO,21,0.2081921176,0.0028109329,WAMAKKODUNDAYE/GUMBURAWA
4.6659,13.0106,1915,DUNDAYE/KWAIDO/ZAGI/ILLELA,8,KEBBI,KB,AUGIE,4,0.259017,0.0023946248,AUGIEDUNDAYE/KWAIDO/ZAGI/ILLELA
5.3183,13.0648,1920,DURBAWA,8,SOKOTO,SO,KWARE,10,0.1276152117,0.0007311036,KWAREDURBAWA
4.3900,11.2132,1939,DUTSIN MARI/DULMERU,9,KEBBI,KB,KOKO/BESSE,13,0.5096476335,0.0116103779,KOKO/BESSEDUTSIN MARI/DULMERU
6.1893,8.9911,1945,DZWAFU,4,NIGER,NG,KATCHA,10,0.2235301249,0.0025762157,KATCHADZWAFU
6.5314,8.4805,1973,EBBO/GBACINKU,3,NIGER,NG,LAPAI,12,0.6004953929,0.0077652387,LAPAIEBBO/GBACINKU
5.9344,9.2057,2021,EDOKOTA,3,NIGER,NG,GBAKO,8,0.4807992252,0.013637194,GBAKOEDOKOTA
6.2924,8.8284,2023,EDOTSU,5,NIGER,NG,KATCHA,10,0.1378756207,0.0010960954,KATCHAEDOTSU
5.8756,9.0527,2024,EDOZHIGI,4,NIGER,NG,GBAKO,8,0.341108924,0.0071364537,GBAKOEDOZHIGI
5.7852,9.3246,2056,EGBAKO,6,NIGER,NG,LAVUN,13,0.6780921172,0.0231803433,LAVUNEGBAKO
6.8139,9.7787,2085,EGWA/GWADA,4,NIGER,NG,SHIRORO,22,0.3545750255,0.0064875379,SHIROROEGWA/GWADA
6.3201,9.0119,2140,EKOBADEGGI,3,NIGER,NG,AGAIE,1,0.0156840183,0.0000141719,AGAIEEKOBADEGGI
6.3050,9.0163,2145,EKOSSA,4,NIGER,NG,AGAIE,1,0.0771346926,0.0001019835,AGAIEEKOSSA
6.3161,9.0072,2146,EKOWUGI,5,NIGER,NG,AGAIE,1,0.0155742003,0.00001226662,AGAIEEKOWUGI
6.3207,9.0075,2147,EKOWUNA,6,NIGER,NG,AGAIE,1,0.0179625007,0.00001847166,AGAIEEKOWUNA
5.5633,9.1116,2226,ENAGI,1,NIGER,NG,EDATTI,7,0.2376559061,0.0035122176,EDATTIENAGI
6.7126,10.0735,2267,ERANA,5,NIGER,NG,SHIRORO,22,0.4228771489,0.0108281363,SHIROROERANA
6.2510,9.1345,2300,ESSA,6,NIGER,NG,KATCHA,10,0.406110198,0.0100125022,KATCHAESSA
4.0144,12.2592,2311,ETENE,4,KEBBI,KB,KALGO,12,0.0880605529,0.00007297343,KALGOETENE
6.0067,9.2405,2334,ETSU AUDU,5,NIGER,NG,GBAKO,8,0.4930193239,0.0147154841,GBAKOETSU AUDU
5.7108,9.0797,2335,ETSU TASHA,2,NIGER,NG,EDATTI,7,0.3572459566,0.0063519203,EDATTIETSU TASHA
6.3197,9.1200,2336,ETSUGAIE,7,NIGER,NG,AGAIE,1,0.4000009482,0.009688975,AGAIEETSUGAIE
6.6430,8.5379,2343,EVUTI/KPADA,4,NIGER,NG,LAPAI,12,0.470787902,0.012957974,LAPAIEVUTI/KPADA
5.4906,11.2220,2411,FADA,10,KEBBI,KB,SAKABA,16,0.14313504,0.001055904,SAKABAFADA
4.5960,12.3403,2414,FAGA/ALASAN,6,SOKOTO,SO,TAMBUWAL,18,0.2114317003,0.0020658158,TAMBUWALFAGA/ALASAN
5.4253,12.7485,2430,FAJALDU,4,SOKOTO,SO,DANGE/SHUNI,3,0.4573342232,0.0065370995,DANGE/SHUNIFAJALDU
4.9328,11.5207,2435,FAKAI/ZUSSUN,8,KEBBI,KB,FAKAI,9,0.8439059307,0.0221008718,FAKAIFAKAI/ZUSSUN
4.9177,12.6787,2437,FAKKA,1,SOKOTO,SO,YABO,23,0.0967130548,0.0003855436,YABOFAKKA
4.5352,11.6379,2438,FAKKU,8,SOKOTO,SO,KEBBE,11,0.5048293159,0.0142685236,KEBBEFAKKU
5.2286,12.1503,2440,FALALE,4,ZAMFARA,ZF,GUMMI,6,0.1796328363,0.0017703165,GUMMIFALALE
3.8069,12.6196,2442,FALDE,5,KEBBI,KB,AREWA,2,0.3195437085,0.0037958331,AREWAFALDE
3.8931,11.6765,2448,FANA,4,KEBBI,KB,DANDI,8,0.4488878638,0.009857297,DANDIFANA
6.3071,12.7021,2460,FARU / MAGAMI,3,ZAMFARA,ZF,MARADUN,9,0.5012945697,0.0125027544,MARADUNFARU / MAGAMI
5.6301,9.1721,2468,FAZHI,3,NIGER,NG,EDATTI,7,0.0878633506,0.0004167828,EDATTIFAZHI
4.5610,12.6851,2477,FELANDE,3,KEBBI,KB,ARGUNGU,3,0.5065210267,0.0072639446,ARGUNGUFELANDE
5.1648,12.2442,2478,FELFELDU / GAMO,5,ZAMFARA,ZF,GUMMI,6,0.3433079107,0.0060701705,GUMMIFELFELDU / GAMO
3.9295,12.6603,2481,FESKE/JAFFEJI,6,KEBBI,KB,AREWA,2,0.5370309141,0.011577234,AREWAFESKE/JAFFEJI
6.9422,9.6497,2508,FUKA,5,NIGER,NG,MUNYA,18,0.2156931448,0.0024186108,MUNYAFUKA
5.4545,12.5873,2513,FURA GIRKE,5,SOKOTO,SO,TURETA,20,0.4034962935,0.0035641264,TURETAFURA GIRKE
6.5724,12.2252,2514,FURFURI/KWAI-KWAI,4,ZAMFARA,ZF,BUNGUDU,5,0.5008476759,0.01530551,BUNGUDUFURFURI/KWAI-KWAI
5.2778,13.0987,2521,G. RUGGA,7,SOKOTO,SO,KWARE,10,0.102446511,0.0002649917,KWAREG. RUGGA
5.4807,13.6041,2524,G/ HAMMA,6,SOKOTO,SO,ILLELA,8,0.2863543522,0.0053517526,ILLELAG/ HAMMA
5.3038,13.6458,2525,G/ KATTA,11,SOKOTO,SO,ILLELA,8,0.186101317,0.0020729379,ILLELAG/ KATTA
5.3001,13.1447,2526,G/ MODIBBO/ G. AKWARA,6,SOKOTO,SO,KWARE,10,0.1815801019,0.0020389621,KWAREG/ MODIBBO/ G. AKWARA
5.1785,13.1157,2528,G/BUBU/G/YARO,6,SOKOTO,SO,WAMAKKO,21,0.2212001788,0.0025435854,WAMAKKOG/BUBU/G/YARO
5.1844,13.1673,2529,G/HAMIDU/G/KAYA,5,SOKOTO,SO,WAMAKKO,21,0.1801336944,0.0015404464,WAMAKKOG/HAMIDU/G/KAYA
6.0433,8.9117,2532,GABA,7,NIGER,NG,LAVUN,13,0.3511049104,0.0063122283,LAVUNGABA
6.6888,12.6131,2535,GABAKE,3,ZAMFARA,ZF,KAURA NAMODA,8,0.2018767035,0.0022598461,KAURA NAMODAGABAKE
5.4857,10.4098,2538,GABAS,3,NIGER,NG,KONTAGORA,11,0.0682047059,0.00007147793,KONTAGORAGABAS
5.6760,13.7520,2547,GADA,1,SOKOTO,SO,GADA,4,0.2967735417,0.0060334627,GADAGADA
6.4520,12.2447,2549,GADA / KARAKKAI,5,ZAMFARA,ZF,BUNGUDU,5,0.7378494873,0.0177754528,BUNGUDUGADA / KARAKKAI
4.7033,10.4897,2559,GAFARA MACHUPA,2,KEBBI,KB,NGASKI,15,1.6232232837,0.0450804251,NGASKIGAFARA MACHUPA
5.2743,13.0383,2567,GAGI \A\,7,SOKOTO,SO,SOKOTO SOUTH,17,0.0774380882,0.000359751,SOKOTO SOUTHGAGI \A\
5.2508,13.0147,2568,GAGI \B\,8,SOKOTO,SO,SOKOTO SOUTH,17,0.0354481869,0.0000536519,SOKOTO SOUTHGAGI \B\
5.2562,13.0318,2569,GAGI \C\,9,SOKOTO,SO,SOKOTO SOUTH,17,0.0441842642,0.0001189324,SOKOTO SOUTHGAGI \C\
6.3203,13.0485,2583,GALADI,3,ZAMFARA,ZF,SHINKAFI,11,0.4680576034,0.0090696211,SHINKAFIGALADI
6.6427,12.1855,2585,GALADIMA,1,ZAMFARA,ZF,GUSAU,7,0.1936275881,0.0016910991,GUSAUGALADIMA
4.5235,12.7484,2586,GALADIMA,4,KEBBI,KB,ARGUNGU,3,0.0143340371,0.00000806119,ARGUNGUGALADIMA
5.8837,12.1971,2588,GALADIMA,4,ZAMFARA,ZF,ANKA,1,0.4220287473,0.0049824237,ANKAGALADIMA
6.6044,12.5591,2591,GALADIMA DAN GALADIMA,4,ZAMFARA,ZF,KAURA NAMODA,8,0.2774602141,0.0039637198,KAURA NAMODAGALADIMA DAN GALADIMA
6.4881,12.8722,2592,GALADIMA/YANRUWA,4,ZAMFARA,ZF,ZURMI,14,0.3037840641,0.0029134048,ZURMIGALADIMA/YANRUWA
6.8418,10.1286,2600,GALKOGO,6,NIGER,NG,SHIRORO,22,0.6819866908,0.0220851092,SHIROROGALKOGO
4.4391,10.7070,2601,GALLAH,4,NIGER,NG,AGWARA,2,0.1405239822,0.0010007188,AGWARAGALLAH
5.8926,10.6394,2603,GALMA/WAMBA,5,NIGER,NG,MARIGA,15,0.99881874,0.0441082689,MARIGAGALMA/WAMBA
4.8431,13.0979,2627,GANDE EAST,1,SOKOTO,SO,SILAME,15,0.1771369754,0.0013101193,SILAMEGANDE EAST
4.7816,13.0920,2628,GANDE WEST,2,SOKOTO,SO,SILAME,15,0.1172668354,0.0004669207,SILAMEGANDE WEST
5.7448,12.9915,2629,GANDI \A\,6,SOKOTO,SO,RABAH,12,0.3920340129,0.0075180719,RABAHGANDI \A\
5.9203,12.9773,2630,GANDI \B\,7,SOKOTO,SO,RABAH,12,0.6948201875,0.0238119091,RABAHGANDI \B\
5.0567,12.5796,2636,GANGAM,5,SOKOTO,SO,SHAGARI,14,0.4657634273,0.0038934251,SHAGARIGANGAM
6.3585,13.4060,2638,GANGARA,8,SOKOTO,SO,S/BIRNI,13,0.6324944116,0.0074354533,S/BIRNIGANGARA
7.3315,9.3219,2657,GARAM,2,NIGER,NG,TAFA,24,0.0761570394,0.0002338492,TAFAGARAM
6.4225,9.5033,2658,GARATU,5,NIGER,NG,BOSSO,5,0.5195127027,0.0128151537,BOSSOGARATU
6.1149,12.4069,2661,GARBADU,1,ZAMFARA,ZF,TALATA MAFARA,12,0.264345024,0.0041643276,TALATA MAFARAGARBADU
4.7546,10.5593,2671,GARIN BAKA/MAKARIN,3,KEBBI,KB,NGASKI,15,0.0332163855,0.00001049581,NGASKIGARIN BAKA/MAKARIN
5.3602,13.6207,2698,GARU,8,SOKOTO,SO,ILLELA,8,0.1475010156,0.0010645184,ILLELAGARU
6.2720,13.5140,2718,GATAWA,6,SOKOTO,SO,S/BIRNI,13,0.7172965265,0.0182978487,S/BIRNIGATAWA
5.3978,13.1049,2723,GAWAKUKE,5,SOKOTO,SO,RABAH,12,0.1739879508,0.001061208,RABAHGAWAKUKE
4.2163,12.5491,2724,GAWASU,10,KEBBI,KB,BIRNIN KEBBI,6,0.1847179424,0.001973073,BIRNIN KEBBIGAWASU
4.8551,13.2156,2725,GAWAZZAI,6,SOKOTO,SO,BINJI,1,0.1885554759,0.0020057783,BINJIGAWAZZAI
6.9913,9.2690,2727,GAWU,3,NIGER,NG,GURARA,9,0.0137101029,0.00000981082,GURARAGAWU
4.8913,12.1148,2737,GAYARI,6,ZAMFARA,ZF,GUMMI,6,0.2214282497,0.002831858,GUMMIGAYARI
5.7971,8.9624,2743,GAZHE  I,4,NIGER,NG,EDATTI,7,0.3627296358,0.0029807801,EDATTIGAZHE  I
5.7325,8.9678,2744,GAZHE  II,5,NIGER,NG,EDATTI,7,0.1611552535,0.0007639059,EDATTIGAZHE  II
5.9037,9.1622,2747,GBADAFU,6,NIGER,NG,GBAKO,8,0.3127151852,0.0063491263,GBAKOGBADAFU
4.8638,9.2668,2752,GBAJIBO/MUWO,2,NIGER,NG,MOKWA,17,0.4224431936,0.008457176,MOKWAGBAJIBO/MUWO
6.1972,8.8808,2753,GBAKOGI,7,NIGER,NG,KATCHA,10,0.2825401514,0.004703537,KATCHAGBAKOGI
5.7690,9.1467,2754,GBANGBAN,6,NIGER,NG,EDATTI,7,0.2695101578,0.0036137059,EDATTIGBANGBAN
5.9672,8.8668,2755,GBARA,3,NIGER,NG,MOKWA,17,1.2975408916,0.0278257913,MOKWAGBARA
6.6064,13.1249,2771,GEBE \A\,9,SOKOTO,SO,ISA,9,0.5696825021,0.012568042,ISAGEBE \A\
6.5420,13.1977,2772,GEBE \B\,10,SOKOTO,SO,ISA,9,0.2873892943,0.0033534345,ISAGEBE \B\
5.3862,11.3179,2778,GELWASA,4,KEBBI,KB,SAKABA,16,0.2784162921,0.0020927785,SAKABAGELWASA
5.1765,10.8799,2782,GENU,4,NIGER,NG,RIJAU,21,0.4588001528,0.0115353015,RIJAUGENU
3.9017,12.0143,2790,GEZA,7,KEBBI,KB,DANDI,8,0.4116863412,0.0113119931,DANDIGEZA
6.5051,12.7065,2795,GIDAN GOGA,5,ZAMFARA,ZF,MARADUN,9,0.3013724503,0.0059481022,MARADUNGIDAN GOGA
5.6037,12.5901,2797,GIDAN KARE/BIMASA,9,SOKOTO,SO,TURETA,20,0.3569976826,0.0066571126,TURETAGIDAN KARE/BIMASA
5.3192,13.2662,2798,GIDAN KAYA,7,SOKOTO,SO,GWADABAWA,7,0.2378444195,0.0035660793,GWADABAWAGIDAN KAYA
4.9720,13.2925,2799,GIDAN MADI,5,SOKOTO,SO,TANGAZA,19,0.2530221929,0.0029163461,TANGAZAGIDAN MADI
5.4238,12.9415,2806,GIERE/GAJARA,9,SOKOTO,SO,DANGE/SHUNI,3,0.3597897429,0.0072415667,DANGE/SHUNIGIERE/GAJARA
5.2130,13.4639,2807,GIGANE,8,SOKOTO,SO,GWADABAWA,7,0.2265431304,0.0030892222,GWADABAWAGIGANE
5.8753,13.6429,2809,GILBADI,4,SOKOTO,SO,GADA,4,0.3987872372,0.0101285874,GADAGILBADI
4.3321,12.2443,2812,GINDI/NASSARAWA/KYARMI/GALBI,4,KEBBI,KB,JEGA,11,0.1966287508,0.0018356001,JEGAGINDI/NASSARAWA/KYARMI/GALBI
4.1328,12.0473,2817,GINGA,8,KEBBI,KB,SURU,18,0.2818510036,0.0024579941,SURUGINGA
6.9389,9.7167,2819,GINI,6,NIGER,NG,MUNYA,18,0.2784667979,0.002070438,MUNYAGINI
4.8420,12.0928,2826,GIRKAU,10,SOKOTO,SO,KEBBE,11,0.2447034854,0.0020939095,KEBBEGIRKAU
4.1602,11.7746,2827,GIRO,9,KEBBI,KB,SURU,18,0.1563704334,0.0014070854,SURUGIRO
4.3215,12.1326,2831,GIWA TAZO/ZARA,2,KEBBI,KB,MAIYAMA,14,0.4022010491,0.0078845466,MAIYAMAGIWA TAZO/ZARA
5.5109,13.3465,2832,GIYAWA,2,SOKOTO,SO,GORONYO,5,0.0126692505,0.00000625408,GORONYOGIYAWA
4.2610,12.4631,2840,GODONGAJI,8,KEBBI,KB,BIRNIN KEBBI,6,0.1032712371,0.0003244357,BIRNIN KEBBIGODONGAJI
6.1454,9.1789,2841,GOGATA,7,NIGER,NG,GBAKO,8,0.2243028807,0.001930137,GBAKOGOGATA
5.6421,8.9677,2849,GONAGI,7,NIGER,NG,EDATTI,7,0.191075937,0.0019571357,EDATTIGONAGI
6.7358,12.4377,2854,GORA,3,ZAMFARA,ZF,BIRNIN MAGAJI,3,0.3184759538,0.0059062158,BIRNIN MAGAJIGORA
6.1468,12.6755,2857,GORA,4,ZAMFARA,ZF,MARADUN,9,0.2023987155,0.0023599684,MARADUNGORA
5.7233,13.4359,2865,GORONYO,1,SOKOTO,SO,GORONYO,5,0.4395454092,0.0079628587,GORONYOGORONYO
3.9924,12.5826,2867,GORUN DIKKO,4,KEBBI,KB,AREWA,2,0.2713409109,0.0021425716,AREWAGORUN DIKKO
5.4247,10.7115,2899,GULBIN - BOKA,4,NIGER,NG,MARIGA,15,0.8087203783,0.0425980881,MARIGAGULBIN - BOKA
4.8218,11.4826,2900,GULBIN KUKA/MAIJARHULA,5,KEBBI,KB,FAKAI,9,0.4644004942,0.0119524563,FAKAIGULBIN KUKA/MAIJARHULA
4.3543,12.6450,2901,GULMA,5,KEBBI,KB,ARGUNGU,3,0.0300399906,0.00004525525,ARGUNGUGULMA
4.5637,12.4181,2902,GULMARE,4,KEBBI,KB,GWANDU,10,0.4950315764,0.0114323778,GWANDUGULMARE
6.5707,8.6032,2904,GULU/ANGUWA VATSA,5,NIGER,NG,LAPAI,12,0.4191467089,0.008862949,LAPAIGULU/ANGUWA VATSA
4.3401,12.4077,2906,GULUMBE,13,KEBBI,KB,BIRNIN KEBBI,6,0.2230039907,0.002372306,BIRNIN KEBBIGULUMBE
5.1581,13.0230,2908,GUMBI/WAJAKE,3,SOKOTO,SO,WAMAKKO,21,0.1299581349,0.0007282696,WAMAKKOGUMBI/WAJAKE
4.1982,12.2468,2909,GUMBIN KURE,3,KEBBI,KB,MAIYAMA,14,0.2907358661,0.0050165888,MAIYAMAGUMBIN KURE
3.7251,12.3132,2918,GUMUMDAI/RAFIN TSAKA,7,KEBBI,KB,AREWA,2,0.8760254385,0.0390758136,AREWAGUMUMDAI/RAFIN TSAKA
4.7369,10.8061,2923,GUNGUN SARKI,2,KEBBI,KB,YAURI,20,0.0578596762,0.0000403819,YAURIGUNGUN SARKI
6.9438,9.7904,2924,GUNI,7,NIGER,NG,MUNYA,18,0.3729905063,0.0063833693,MUNYAGUNI
6.7352,8.3926,2927,GUPA/ABUGI,6,NIGER,NG,LAPAI,12,0.5443588335,0.0169420629,LAPAIGUPA/ABUGI
6.6989,8.8034,2931,GURDI/ZAGO,7,NIGER,NG,LAPAI,12,0.5365909905,0.0150787719,LAPAIGURDI/ZAGO
6.6349,10.0138,2943,GURMANA,7,NIGER,NG,SHIRORO,22,0.3606258106,0.0053781766,SHIROROGURMANA
6.8541,12.3522,2948,GUSAMI GARI,4,ZAMFARA,ZF,BIRNIN MAGAJI,3,0.2803388758,0.0035669935,BIRNIN MAGAJIGUSAMI GARI
6.8720,12.2973,2949,GUSAMI HAYI,5,ZAMFARA,ZF,BIRNIN MAGAJI,3,0.1614569001,0.0016201148,BIRNIN MAGAJIGUSAMI HAYI
6.7495,9.9347,2952,GUSSORO,8,NIGER,NG,SHIRORO,22,0.4333228195,0.0092937193,SHIROROGUSSORO
5.5451,9.0392,2962,GUZAN,8,NIGER,NG,EDATTI,7,0.2552050488,0.003468332,EDATTIGUZAN
5.2536,13.3689,2964,GWADABAWA,6,SOKOTO,SO,GWADABAWA,7,0.280137929,0.0047947287,GWADABAWAGWADABAWA
5.5852,13.0564,2965,GWADDODI/GIDAN BU WAI,4,SOKOTO,SO,RABAH,12,0.1507385437,0.0012035874,RABAHGWADDODI/GIDAN BU WAI
3.8537,12.1756,2966,GWADE,3,KEBBI,KB,BUNZA,7,0.3845542193,0.0095854166,BUNZAGWADE
6.8024,9.4743,2975,GWAM,3,NIGER,NG,PAIKORO,19,0.405629511,0.010026658,PAIKOROGWAM
5.0297,13.0591,2976,GWAMATSE,10,SOKOTO,SO,WAMAKKO,21,0.3226137994,0.0052166487,WAMAKKOGWAMATSE
4.6337,12.5218,2987,GWANDU MARAFA,5,KEBBI,KB,GWANDU,10,0.1578234117,0.000296298,GWANDUGWANDU MARAFA
4.6224,12.4673,2988,GWANDU SARKIN FAWA,6,KEBBI,KB,GWANDU,10,0.191288695,0.0013915793,GWANDUGWANDU SARKIN FAWA
5.2247,11.5992,2990,GWANFI/KELE,11,KEBBI,KB,WASAGU/DANKO,19,0.663732385,0.0205131965,WASAGU/DANKOGWANFI/KELE
6.1428,12.2238,3005,GWARAM,2,ZAMFARA,ZF,TALATA MAFARA,12,0.4119405481,0.0069159868,TALATA MAFARAGWARAM
5.9825,9.5916,3013,GWARJIKO,3,NIGER,NG,WUSHISHI,25,0.2605465118,0.0032091646,WUSHISHIGWARJIKO
5.7903,11.8080,3020,GWASHI,3,ZAMFARA,ZF,BUKKUYUM,4,0.810352828,0.0367591275,BUKKUYUMGWASHI
4.3137,13.3852,3022,GWAZANGE/BOTO,4,SOKOTO,SO,GUDU,6,0.2839183,0.001678416,GUDUGWAZANGE/BOTO
4.5744,12.7245,3023,GWAZANGE/KISAWA/U GYAGA,6,KEBBI,KB,ARGUNGU,3,0.2234147148,0.0016986484,ARGUNGUGWAZANGE/KISAWA/U GYAGA
5.0083,12.1350,3031,GYALANGE,7,ZAMFARA,ZF,GUMMI,6,0.1795416328,0.0020449986,GUMMIGYALANGE
5.3226,13.1864,3038,H/ ALI/ MARABAWA,5,SOKOTO,SO,KWARE,10,0.1632315964,0.0012688918,KWAREH/ ALI/ MARABAWA
7.1803,9.1758,3052,HASHIMI \A\,3,NIGER,NG,SULEJA,23,0.0208846421,0.00001208247,SULEJAHASHIMI \A\
7.1785,9.1845,3053,HASHIMI \B\,4,NIGER,NG,SULEJA,23,0.0277712916,0.00002437456,SULEJAHASHIMI \B\
5.1648,12.7298,3067,HORO BIRNI,2,SOKOTO,SO,SHAGARI,14,0.1206685346,0.0007134748,SHAGARIHORO BIRNI
5.4327,13.3432,3073,HUCHI,11,SOKOTO,SO,GWADABAWA,7,0.0956296506,0.0002418164,GWADABAWAHUCHI
4.9267,9.6037,3101,IBBI,3,NIGER,NG,MASHEGU,16,0.9700378846,0.0570397858,MASHEGUIBBI
5.1675,10.4694,3109,IBELU CENTRAL,6,NIGER,NG,MAGAMA,14,0.4592243554,0.0064881926,MAGAMAIBELU CENTRAL
5.2809,10.4912,3110,IBELU EAST,7,NIGER,NG,MAGAMA,14,0.6360229573,0.0228533062,MAGAMAIBELU EAST
5.1999,10.6230,3111,IBELU NORTH,8,NIGER,NG,MAGAMA,14,0.6315214109,0.0248097282,MAGAMAIBELU NORTH
4.9853,10.6383,3112,IBELU WEST,9,NIGER,NG,MAGAMA,14,0.861935222,0.0473182906,MAGAMAIBELU WEST
5.9603,10.4946,3359,IGWAMA,7,NIGER,NG,MARIGA,15,0.9233901685,0.0285702606,MARIGAIGWAMA
7.2659,9.2502,3395,IJA GWARI,3,NIGER,NG,TAFA,24,0.0895224818,0.0003993603,TAFAIJA GWARI
7.2960,9.2458,3396,IJA KORO,4,NIGER,NG,TAFA,24,0.0360069523,0.000062204,TAFAIJA KORO
7.2222,9.2292,3570,IKU,5,NIGER,NG,TAFA,24,0.0770983141,0.0002912418,TAFAIKU
7.2160,9.1084,3571,IKU SOUTH I,5,NIGER,NG,SULEJA,23,0.020912262,0.00001863377,SULEJAIKU SOUTH I
7.1969,9.1561,3572,IKU SOUTH II,6,NIGER,NG,SULEJA,23,0.1330863645,0.0011085394,SULEJAIKU SOUTH II
5.3161,13.7261,3654,ILLELA,1,SOKOTO,SO,ILLELA,8,0.1594159702,0.0015516187,ILLELAILLELA
4.4987,11.4259,3655,ILLELA/S/GARI,2,KEBBI,KB,KOKO/BESSE,13,0.4171684158,0.0091138776,KOKO/BESSEILLELA/S/GARI
5.0181,12.1939,3656,ILLELAR AWAL,8,ZAMFARA,ZF,GUMMI,6,0.4265625665,0.0057509651,GUMMIILLELAR AWAL
3.8188,11.5357,3658,ILLO/SABON/GARI/YANTAU,4,KEBBI,KB,BAGUDO,5,0.4651048329,0.0042258846,BAGUDOILLO/SABON/GARI/YANTAU
4.8319,11.6448,3733,INGA(BULU) MAIKENDE,6,KEBBI,KB,FAKAI,9,0.3361212055,0.0066124758,FAKAIINGA(BULU) MAIKENDE
6.0276,10.1851,3737,INKWAI,6,NIGER,NG,MARIGA,15,0.3065817557,0.0013155145,MARIGAINKWAI
4.9774,13.1846,3746,INNAME,1,SOKOTO,SO,BINJI,1,0.1092896644,0.0005889683,BINJIINNAME
6.4074,13.2041,3834,ISA NORTH,1,SOKOTO,SO,ISA,9,0.0212728157,0.00002458371,ISAISA NORTH
6.3832,13.1691,3836,ISA SOUTH,2,SOKOTO,SO,ISA,9,0.2284115282,0.0026487046,ISAISA SOUTH
5.1947,11.5139,3878,ISGOGO /DAGO,3,KEBBI,KB,ZURU,21,0.1223400384,0.000552841,ZURUISGOGO /DAGO
7.2510,9.6413,3880,ISHAU,4,NIGER,NG,PAIKORO,19,0.4359894575,0.0112837098,PAIKOROISHAU
7.0326,9.2505,4029,IZOM,4,NIGER,NG,GURARA,9,0.1528541111,0.000244125,GURARAIZOM
5.1356,9.1394,4035,JA\AGI,4,NIGER,NG,MOKWA,17,3.3528422592,0.4221457607,MOKWAJA\AGI
5.0102,12.4384,4041,JABO/KAGARA,10,SOKOTO,SO,TAMBUWAL,18,0.4384644794,0.0062704929,TAMBUWALJABO/KAGARA
4.2846,11.6385,4048,JADADI,5,KEBBI,KB,KOKO/BESSE,13,0.2143856531,0.0001666537,KOKO/BESSEJADADI
5.3422,11.0899,4073,JAMA\ARE,5,NIGER,NG,RIJAU,21,0.3363549794,0.005404275,RIJAUJAMA\ARE
4.8839,13.2650,4080,JAMMALI,4,SOKOTO,SO,BINJI,1,0.1508585184,0.001074491,BINJIJAMMALI
6.2088,12.7053,4082,JANBAKO,6,ZAMFARA,ZF,MARADUN,9,0.3074273534,0.0042005979,MARADUNJANBAKO
5.6218,11.1407,4083,JANBIRNI,5,KEBBI,KB,SAKABA,16,0.2968734013,0.0049505576,SAKABAJANBIRNI
4.5271,12.0392,4085,JANDUTSI/BIRNIN MALAM,5,KEBBI,KB,JEGA,11,0.50707073,0.0101520215,JEGAJANDUTSI/BIRNIN MALAM
6.0686,12.2091,4089,JANGEBE,3,ZAMFARA,ZF,TALATA MAFARA,12,0.2476184393,0.0039699937,TALATA MAFARAJANGEBE
6.5104,12.9850,4090,JANGERU,4,ZAMFARA,ZF,SHINKAFI,11,0.2892868295,0.0019840827,SHINKAFIJANGERU
5.1133,12.7654,4100,JAREDI,1,SOKOTO,SO,SHAGARI,14,0.1097349247,0.0007503837,SHAGARIJAREDI
4.8209,9.1612,4110,JEBBA NORTH,5,NIGER,NG,MOKWA,17,0.1302274255,0.0008005815,MOKWAJEBBA NORTH
4.3734,12.2474,4112,JEGA FIRCHIN,6,KEBBI,KB,JEGA,11,0.1235800017,0.0003620304,JEGAJEGA FIRCHIN
4.3913,12.2360,4113,JEGA KOKANI,7,KEBBI,KB,JEGA,11,0.2393493489,0.0030309105,JEGAJEGA KOKANI
4.3819,12.2192,4114,JEGA MAGAJI \A\,9,KEBBI,KB,JEGA,11,0.0297140335,0.00005225357,JEGAJEGA MAGAJI \A\
4.3700,12.2788,4115,JEGA MAGAJI \B\,8,KEBBI,KB,JEGA,11,0.2696589849,0.0035180861,JEGAJEGA MAGAJI \B\
6.6752,9.4509,4127,JERE,5,NIGER,NG,PAIKORO,19,0.3267130938,0.0053874603,PAIKOROJERE
4.5299,12.3010,4146,JIGA BIRNI,6,KEBBI,KB,ALIERO,1,0.1021661543,0.00006265547,ALIEROJIGA BIRNI
4.5348,12.2649,4147,JIGA MAKERA,7,KEBBI,KB,ALIERO,1,0.0893710112,0.0003751895,ALIEROJIGA MAKERA
4.7065,10.6865,4156,JIJIMA,3,KEBBI,KB,YAURI,20,0.0920194915,0.0001544156,YAURIJIJIMA
5.9055,8.9515,4162,JIMA,8,NIGER,NG,LAVUN,13,0.1349310213,0.0011831527,LAVUNJIMA
5.0988,13.0951,4187,K/KIMBA/GEDEWA,9,SOKOTO,SO,WAMAKKO,21,0.3761227474,0.0078381994,WAMAKKOK/KIMBA/GEDEWA
5.4209,13.0147,4195,KABANGA,10,SOKOTO,SO,KWARE,10,0.3373491465,0.0045693592,KWAREKABANGA
4.1024,10.7272,4196,KABE/PISSA,7,NIGER,NG,BORGU,4,1.1520501091,0.0767334377,BORGUKABE/PISSA
7.2075,9.3900,4198,KABO,5,NIGER,NG,GURARA,9,0.1998735082,0.0018472252,GURARAKABO
5.3286,10.1168,4200,KABOJI,4,NIGER,NG,MASHEGU,16,0.8650536076,0.0433319106,MASHEGUKABOJI
7.1499,9.8738,4204,KABULA,8,NIGER,NG,MUNYA,18,0.5002833227,0.0081563233,MUNYAKABULA
5.5071,13.8255,4215,KADADIN BUDA (KADDI),3,SOKOTO,SO,GADA,4,0.3815367392,0.0096406876,GADAKADADIN BUDA (KADDI)
5.5587,13.6910,4224,KADASSAKA,10,SOKOTO,SO,GADA,4,0.2596740109,0.0024505098,GADAKADASSAKA
5.7534,13.6365,4227,KADDI,2,SOKOTO,SO,GADA,4,0.2853677127,0.0043046875,GADAKADDI
5.7138,13.6837,4236,KAFFE,6,SOKOTO,SO,GADA,4,0.2261762164,0.0022160142,GADAKAFFE
7.0569,9.5105,4243,KAFIN KORO,6,NIGER,NG,PAIKORO,19,0.30626708,0.0049660802,PAIKOROKAFIN KORO
5.6332,13.3732,4250,KAGARA,4,SOKOTO,SO,GORONYO,5,0.2764864071,0.0033372294,GORONYOKAGARA
6.0914,12.3195,4251,KAGARA,4,ZAMFARA,ZF,TALATA MAFARA,12,0.2763089113,0.0051660668,TALATA MAFARAKAGARA
6.6774,12.3659,4252,KAGARA,5,ZAMFARA,ZF,KAURA NAMODA,8,0.2291531727,0.0021658206,KAURA NAMODAKAGARA
6.2543,10.2033,4253,KAGARA GARI,1,NIGER,NG,RAFI,20,0.2579572665,0.0009147129,RAFIKAGARA GARI
4.9519,12.5543,4272,KAJIJI,9,SOKOTO,SO,SHAGARI,14,0.2780603989,0.0024521705,SHAGARIKAJIJI
5.6801,10.8090,4283,KAKIHUM,8,NIGER,NG,MARIGA,15,0.3286068487,0.0066153915,MARIGAKAKIHUM
6.4336,10.0215,4286,KAKURI,2,NIGER,NG,RAFI,20,0.3807174502,0.0088147788,RAFIKAKURI
5.1866,13.0551,4294,KALAMBAINA/GIRABSHI,4,SOKOTO,SO,WAMAKKO,21,0.1054503255,0.0006128634,WAMAKKOKALAMBAINA/GIRABSHI
5.0309,13.2841,4295,KALANJENI,8,SOKOTO,SO,TANGAZA,19,0.1956273553,0.0013254454,TANGAZAKALANJENI
4.1876,12.3379,4297,KALGO,5,KEBBI,KB,KALGO,12,0.1470773038,0.0011755456,KALGOKALGO
6.3302,13.3626,4298,KALGO,9,SOKOTO,SO,S/BIRNI,13,0.353616295,0.0080862122,S/BIRNIKALGO
5.2104,13.7102,4304,KALMALO,2,SOKOTO,SO,ILLELA,8,0.2744629861,0.0035736746,ILLELAKALMALO
3.6602,11.8796,4311,KAMBA / KAMBA,8,KEBBI,KB,DANDI,8,0.202791536,0.0025336394,DANDIKAMBA / KAMBA
5.2362,12.6038,4312,KAMBAMA,4,SOKOTO,SO,SHAGARI,14,0.158184611,0.0008070465,SHAGARIKAMBAMA
4.5360,12.4447,4313,KAMBAZA,7,KEBBI,KB,GWANDU,10,0.1338281346,0.0009169948,GWANDUKAMBAZA
4.9808,10.8212,4314,KAMBUWA/DANMARAYA,6,KEBBI,KB,NGASKI,15,0.6932934746,0.0179038125,NGASKIKAMBUWA/DANMARAYA
5.0622,12.9978,4315,KAMMATA,11,SOKOTO,SO,WAMAKKO,21,0.2864365991,0.0025514433,WAMAKKOKAMMATA
6.3846,9.6409,4317,KAMPALA,6,NIGER,NG,BOSSO,5,0.3497595578,0.0075904675,BOSSOKAMPALA
4.5817,11.5674,4327,KANGI,7,KEBBI,KB,FAKAI,9,0.4044800131,0.0069250991,FAKAIKANGI
3.8175,12.5646,4330,KANGIWA,8,KEBBI,KB,AREWA,2,0.3451581756,0.0025141543,AREWAKANGIWA
6.2370,12.1990,4337,KANOMA,6,ZAMFARA,ZF,MARU,10,0.5899333792,0.0219889171,MARUKANOMA
6.6206,12.7132,4344,KANWA,5,ZAMFARA,ZF,ZURMI,14,0.4104646713,0.008306546,ZURMIKANWA
6.0714,9.7333,4348,KANWURI,4,NIGER,NG,WUSHISHI,25,0.0088808777,0.00000321916,WUSHISHIKANWURI
5.7232,11.3474,4349,KANYA,5,KEBBI,KB,WASAGU/DANKO,19,1.1456987253,0.0572766105,WASAGU/DANKOKANYA
4.0230,11.2184,4353,KAOJE/GWAMBA,5,KEBBI,KB,BAGUDO,5,1.3508156252,0.1040271851,BAGUDOKAOJE/GWAMBA
4.5356,9.9168,4357,KARABONDE,3,NIGER,NG,BORGU,4,0.2104678203,0.0025537966,BORGUKARABONDE
4.3221,11.9852,4366,KARAYE/DOGONDAJI,4,KEBBI,KB,MAIYAMA,14,0.3246293408,0.0034040767,MAIYAMAKARAYE/DOGONDAJI
4.2625,12.3806,4369,KARDI/YAMAMA,11,KEBBI,KB,BIRNIN KEBBI,6,0.3363678147,0.0075561473,BIRNIN KEBBIKARDI/YAMAMA
4.4595,13.2016,4374,KARFEN CHANA,8,SOKOTO,SO,GUDU,6,0.1552915219,0.0008297857,GUDUKARFEN CHANA
4.5399,13.3143,4375,KARFEN SARKI,1,SOKOTO,SO,GUDU,6,0.2077310647,0.0001442976,GUDUKARFEN SARKI
5.8840,10.0182,4400,KASANGA,5,NIGER,NG,MASHEGU,16,0.6397561912,0.0257275999,MASHEGUKASANGA
4.4816,12.3844,4402,KASHIN ZAMA,8,KEBBI,KB,ALIERO,1,0.0081938368,0.00000368951,ALIEROKASHIN ZAMA
4.5436,10.7053,4403,KASHINI,5,NIGER,NG,AGWARA,2,0.1697408017,0.001338139,AGWARAKASHINI
4.7301,12.9651,4414,KATAMI NORTH,3,SOKOTO,SO,SILAME,15,0.152495755,0.0013648798,SILAMEKATAMI NORTH
4.7415,12.9272,4415,KATAMI SOUTH,4,SOKOTO,SO,SILAME,15,0.1245967389,0.0006613054,SILAMEKATAMI SOUTH
4.4315,12.0932,4418,KATANGA/FAGADA,10,KEBBI,KB,JEGA,11,0.1482717122,0.0004614183,JEGAKATANGA/FAGADA
6.3510,9.3335,4419,KATAREGI,9,NIGER,NG,KATCHA,10,0.5629985044,0.0133211355,KATCHAKATAREGI
6.3059,8.7665,4422,KATCHA,8,NIGER,NG,KATCHA,10,0.1224851716,0.0005474496,KATCHAKATCHA
6.4479,9.8218,4423,KATO,9,NIGER,NG,SHIRORO,22,0.9348773178,0.0358379521,SHIROROKATO
6.3702,13.1223,4429,KATURU,5,ZAMFARA,ZF,SHINKAFI,11,0.333503545,0.0045819673,SHINKAFIKATURU
4.4097,11.1132,4446,KAWARA/INGU/SARGO,4,KEBBI,KB,SHANGA,17,0.576838302,0.0164717226,SHANGAKAWARA/INGU/SARGO
4.2723,11.9750,4447,KAWARA/S/SARA/YARKAMBA,5,KEBBI,KB,MAIYAMA,14,0.3759697498,0.0057778156,MAIYAMAKAWARA/S/SARA/YARKAMBA
6.3878,12.7519,4455,KAYA,7,ZAMFARA,ZF,MARADUN,9,0.3333215362,0.0021609175,MARADUNKAYA
7.0704,9.7275,4462,KAZAI,9,NIGER,NG,MUNYA,18,0.2142142766,0.0021294239,MUNYAKAZAI
4.7624,12.1347,4467,KEBBE EAST,1,SOKOTO,SO,KEBBE,11,0.1237709878,0.0005143533,KEBBEKEBBE EAST
4.7039,12.1294,4468,KEBBE WEST,2,SOKOTO,SO,KEBBE,11,0.1533350687,0.0010463843,KEBBEKEBBE WEST
4.2821,11.5304,4477,KENDE/KURGU,6,KEBBI,KB,BAGUDO,5,0.4218978579,0.007251074,BAGUDOKENDE/KURGU
6.7740,11.7693,4486,KETA/KIZARA,7,ZAMFARA,ZF,TSAFE,13,0.4844192233,0.0090258359,TSAFEKETA/KIZARA
5.0060,12.8356,4501,KILGORI,8,SOKOTO,SO,YABO,23,0.1184308442,0.0007050815,YABOKILGORI
4.4135,12.0717,4503,KIMBA,11,KEBBI,KB,JEGA,11,0.5761753136,0.0108693889,JEGAKIMBA
5.5721,13.6025,4514,KIRI,9,SOKOTO,SO,GADA,4,0.3785192565,0.0066346288,GADAKIRI
6.7996,12.4216,4523,KIYAWA,6,ZAMFARA,ZF,BIRNIN MAGAJI,3,0.2647628143,0.0043859381,BIRNIN MAGAJIKIYAWA
6.1416,9.5792,4527,KODO,5,NIGER,NG,WUSHISHI,25,0.3169799886,0.0043399428,WUSHISHIKODO
6.2506,9.5727,4528,KODO,7,NIGER,NG,BOSSO,5,0.5387391209,0.0143264475,BOSSOKODO
5.6029,13.4737,4542,KOJIYO,6,SOKOTO,SO,GORONYO,5,0.1910395296,0.0015622126,GORONYOKOJIYO
4.5330,12.7512,4544,KOKANI NORTH,7,KEBBI,KB,ARGUNGU,3,0.0531279931,0.00009106726,ARGUNGUKOKANI NORTH
4.5319,12.7463,4545,KOKANI SOUTH,8,KEBBI,KB,ARGUNGU,3,0.0495787073,0.00007683454,ARGUNGUKOKANI SOUTH
4.5133,11.4272,4547,KOKO FIRCIN,3,KEBBI,KB,KOKO/BESSE,13,0.0421969775,0.00002011459,KOKO/BESSEKOKO FIRCIN
4.5180,11.4228,4548,KOKO MAGAJI,1,KEBBI,KB,KOKO/BESSE,13,0.0214437223,0.0000229497,KOKO/BESSEKOKO MAGAJI
4.5122,10.6221,4549,KOKOLI,6,NIGER,NG,AGWARA,2,0.0396209078,0.00001150317,AGWARAKOKOLI
4.1483,12.4693,4552,KOLA /TARASA,5,KEBBI,KB,BIRNIN KEBBI,6,0.3150760642,0.0044210116,BIRNIN KEBBIKOLA /TARASA
6.3252,10.2734,4569,KONGOMA CENTRAL,3,NIGER,NG,RAFI,20,0.98481078,0.0221133887,RAFIKONGOMA CENTRAL
6.3024,10.3166,4570,KONGOMA WEST,4,NIGER,NG,RAFI,20,0.3239073471,0.003689987,RAFIKONGOMA WEST
4.1281,10.8859,4573,KONKOSO,4,NIGER,NG,BORGU,4,0.7986817077,0.0283264329,BORGUKONKOSO
5.9674,11.0299,4576,KONTOKORO,9,NIGER,NG,MARIGA,15,0.59598236,0.0221816516,MARIGAKONTOKORO
5.2522,9.3283,4602,KPAKI/TAKUMA,6,NIGER,NG,MOKWA,17,0.3143261358,0.0065304815,MOKWAKPAKI/TAKUMA
4.2583,12.1199,4613,KUBEN RIGIDIGA,6,KEBBI,KB,MAIYAMA,14,0.2072998703,0.0023737045,MAIYAMAKUBEN RIGIDIGA
4.9952,13.0358,4615,KUBODU NORTH,5,SOKOTO,SO,SILAME,15,0.0794955936,0.0003477148,SILAMEKUBODU NORTH
4.9434,13.0166,4616,KUBODU SOUTH,6,SOKOTO,SO,SILAME,15,0.1194524335,0.0003147996,SILAMEKUBODU SOUTH
4.4992,11.7414,4621,KUCHI,5,SOKOTO,SO,KEBBE,11,0.2619271885,0.0018128641,KEBBEKUCHI
7.0044,9.9070,4622,KUCHI,10,NIGER,NG,MUNYA,18,0.4741865287,0.0085951109,MUNYAKUCHI
5.4705,10.3960,4628,KUDU,4,NIGER,NG,KONTAGORA,11,0.0424209693,0.0001116088,KONTAGORAKUDU
5.3451,9.2951,4629,KUDU,7,NIGER,NG,MOKWA,17,0.1750115118,0.0018903479,MOKWAKUDU
6.5811,9.0436,4631,KUDU/GABAS,8,NIGER,NG,LAPAI,12,0.0662879746,0.00008928585,LAPAIKUDU/GABAS
3.9795,12.4358,4639,KUKA,6,KEBBI,KB,KALGO,12,0.2005737498,0.002243995,KALGOKUKA
4.9872,9.9736,4657,KULHO,7,NIGER,NG,MASHEGU,16,0.6927379825,0.0130136691,MASHEGUKULHO
5.6158,10.7044,4664,KUMBASHI,10,NIGER,NG,MARIGA,15,1.622074701,0.121501197,MARIGAKUMBASHI
6.0548,9.8808,4680,KUNDU,7,NIGER,NG,RAFI,20,0.7026581274,0.0253168175,RAFIKUNDU
6.5321,12.5890,4683,KUNGURKI,6,ZAMFARA,ZF,KAURA NAMODA,8,0.3135122557,0.0064738626,KAURA NAMODAKUNGURKI
4.3509,13.5163,4696,KURDULA,5,SOKOTO,SO,GUDU,6,0.5886459465,0.0123094845,GUDUKURDULA
7.1647,9.1878,4709,KURMIN SARKI,7,NIGER,NG,SULEJA,23,0.0903826985,0.0003647314,SULEJAKURMIN SARKI
6.2617,13.4853,4722,KURUWA,7,SOKOTO,SO,S/BIRNI,13,0.4634830989,0.0104405856,S/BIRNIKURUWA
5.6836,12.4518,4723,KURUWA,8,SOKOTO,SO,TURETA,20,0.2017443917,0.0010737976,TURETAKURUWA
6.6580,12.9745,4724,KURYA,7,ZAMFARA,ZF,SHINKAFI,11,0.3264817725,0.0067022037,SHINKAFIKURYA
5.7222,13.0223,4725,KURYA,10,SOKOTO,SO,RABAH,12,0.1464021639,0.0009621792,RABAHKURYA
6.5429,12.4842,4726,KURYA MADARO,7,ZAMFARA,ZF,KAURA NAMODA,8,0.2265429669,0.0026481242,KAURA NAMODAKURYA MADARO
6.8729,10.4563,4729,KUSHAKA/KUREBE,10,NIGER,NG,SHIRORO,22,0.4823406175,0.012995116,SHIROROKUSHAKA/KUREBE
6.2444,10.2710,4731,KUSHERKI NORTH,5,NIGER,NG,RAFI,20,1.4045630747,0.0343675447,RAFIKUSHERKI NORTH
6.1401,10.2064,4734,KUSHIRKI SOUTH,6,NIGER,NG,RAFI,20,0.9656474625,0.0525075192,RAFIKUSHIRKI SOUTH
6.0650,9.0534,4735,KUSOTACHI,10,NIGER,NG,LAVUN,13,0.3355308158,0.0060697451,LAVUNKUSOTACHI
5.5813,9.2159,4742,KUTIGI,9,NIGER,NG,LAVUN,13,0.363844474,0.0045102866,LAVUNKUTIGI
6.4528,9.1866,4743,KUTIRIKO,9,NIGER,NG,AGAIE,1,0.3314473298,0.0059284585,AGAIEKUTIRIKO
6.7508,12.9098,4745,KUTURU/MAYASA,8,ZAMFARA,ZF,ZURMI,14,0.3544431667,0.0078464536,ZURMIKUTURU/MAYASA
6.3491,11.2648,4748,KUYAN BANA,7,ZAMFARA,ZF,MARU,10,1.4070905705,0.1012837518,MARUKUYAN BANA
5.0131,13.2359,4755,KWACCE-HURU,7,SOKOTO,SO,TANGAZA,19,0.1669338945,0.0009550958,TANGAZAKWACCE-HURU
5.2241,12.8671,4756,KWACCIYAR LALLE,10,SOKOTO,SO,BODINGA,2,0.1536308814,0.0015056898,BODINGAKWACCIYAR LALLE
7.1186,9.5796,4759,KWAGANA,7,NIGER,NG,PAIKORO,19,0.4490083236,0.0129647904,PAIKOROKWAGANA
4.2189,11.7066,4760,KWAIFA,10,KEBBI,KB,SURU,18,0.3234571013,0.0054493875,SURUKWAIFA
7.1275,9.3296,4765,KWAKA,6,NIGER,NG,GURARA,9,0.4198893964,0.0111463724,GURARAKWAKA
6.8867,10.2832,4766,KWAKI/CHUKWUBA,11,NIGER,NG,SHIRORO,22,0.6168098276,0.017424626,SHIROROKWAKI/CHUKWUBA
3.7404,11.7201,4767,KWAKKWABA,9,KEBBI,KB,DANDI,8,0.1934766158,0.0015044363,DANDIKWAKKWABA
6.9177,9.4135,4769,KWAKUTI,8,NIGER,NG,PAIKORO,19,0.3807352507,0.0088608757,PAIKOROKWAKUTI
4.6575,10.2801,4770,KWAKWARAN,4,KEBBI,KB,NGASKI,15,0.1504678143,0.0009822751,NGASKIKWAKWARAN
5.6313,13.5140,4771,KWAKWAZO,5,SOKOTO,SO,GORONYO,5,0.4664292003,0.0094947489,GORONYOKWAKWAZO
5.7362,12.3584,4791,KWARARE,10,SOKOTO,SO,TURETA,20,0.1367697409,0.0005552178,TURETAKWARARE
5.2661,13.2197,4795,KWARE,1,SOKOTO,SO,KWARE,10,0.0212074812,0.00002847892,KWAREKWARE
6.6060,12.9572,4796,KWARE,6,ZAMFARA,ZF,SHINKAFI,11,0.2442944855,0.0024300662,SHINKAFIKWARE
6.7765,11.9138,4797,KWAREN GANUWA,1,ZAMFARA,ZF,TSAFE,13,0.4003136232,0.0089885119,TSAFEKWAREN GANUWA
5.5013,13.2880,4798,KWARGABA,5,SOKOTO,SO,WURNO,22,0.2528410578,0.0026297499,WURNOKWARGABA
5.6611,13.6268,4801,KWARMA,11,SOKOTO,SO,GADA,4,0.1706679686,0.0010238842,GADAKWARMA
5.3730,13.1803,4804,KWASARE/SISAWA,11,SOKOTO,SO,WURNO,22,0.1958813777,0.0016992788,WURNOKWASARE/SISAWA
6.9035,12.9516,4805,KWASHBAWA,6,ZAMFARA,ZF,ZURMI,14,0.5809018308,0.0135009252,ZURMIKWASHBAWA
6.0945,9.7491,4808,KWATA,6,NIGER,NG,WUSHISHI,25,0.1885469061,0.0008544751,WUSHISHIKWATA
4.6886,9.7961,4809,KWATACHI,6,NIGER,NG,MASHEGU,16,0.4888849782,0.012872962,MASHEGUKWATACHI
6.8558,12.1553,4810,KWATARKWASHI,7,ZAMFARA,ZF,BUNGUDU,5,0.350942298,0.0067071396,BUNGUDUKWATARKWASHI
5.2928,11.6175,4817,KYABU/KANDU,6,KEBBI,KB,WASAGU/DANKO,19,0.513063606,0.0126535756,WASAGU/DANKOKYABU/KANDU
5.5253,13.7372,4818,KYADAWA/HOLAI,8,SOKOTO,SO,GADA,4,0.3804896105,0.0080443991,GADAKYADAWA/HOLAI
6.6401,12.4135,4821,KYAM BARAWA,8,ZAMFARA,ZF,KAURA NAMODA,8,0.3530954915,0.0064418716,KAURA NAMODAKYAM BARAWA
3.7564,11.9342,4823,KYANGAKWAI,6,KEBBI,KB,DANDI,8,0.8973430289,0.044620484,DANDIKYANGAKWAI
5.4091,11.8513,4824,KYARAM,4,ZAMFARA,ZF,BUKKUYUM,4,0.6638063953,0.0290932938,BUKKUYUMKYARAM
6.0196,9.0860,4826,KYARI,4,NIGER,NG,BIDA,3,0.0545029856,0.0001300948,BIDAKYARI
4.8332,12.9455,4827,LABANI,7,SOKOTO,SO,SILAME,15,0.2531183079,0.002856409,SILAMELABANI
5.3895,9.1463,4828,LABOZHI,8,NIGER,NG,MOKWA,17,0.5286105184,0.0103783321,MOKWALABOZHI
4.2541,11.1581,4834,LAFAGU/GANTE,7,KEBBI,KB,BAGUDO,5,0.6782025966,0.0197709076,BAGUDOLAFAGU/GANTE
4.3829,12.4303,4846,LAGA,12,KEBBI,KB,BIRNIN KEBBI,6,0.2855169737,0.0028236637,BIRNIN KEBBILAGA
5.4537,9.5804,4854,LAGUN,11,NIGER,NG,LAVUN,13,0.7232264648,0.030065163,LAVUNLAGUN
5.3589,13.2227,4857,LAHODU/G/BANGO,10,SOKOTO,SO,WURNO,22,0.1749457356,0.0016512069,WURNOLAHODU/G/BANGO
4.4579,12.8045,4858,LAILABA,9,KEBBI,KB,ARGUNGU,3,0.2568972589,0.0042388628,ARGUNGULAILABA
4.2127,12.9449,4859,LAIMA/JANTULLU,9,KEBBI,KB,AREWA,2,0.9086369802,0.0533326956,AREWALAIMA/JANTULLU
6.1451,13.5860,4862,LAJINGE,11,SOKOTO,SO,S/BIRNI,13,0.2822804071,0.0028217962,S/BIRNILAJINGE
5.5517,12.6740,4870,LAMBAR TURETA,6,SOKOTO,SO,TURETA,20,0.2169164664,0.0009668415,TURETALAMBAR TURETA
5.1729,12.4780,4871,LAMBARA,6,SOKOTO,SO,SHAGARI,14,0.9508217427,0.0485825377,SHAGARILAMBARA
7.0036,9.2727,4872,LAMBATA,7,NIGER,NG,GURARA,9,0.1120063012,0.0006647614,GURARALAMBATA
6.0057,9.0841,4882,LANDZUN,5,NIGER,NG,BIDA,3,0.0180671205,0.00001357783,BIDALANDZUN
4.3627,11.6564,4887,LANI/MANYAN/TAFUKKA/SHIBA,6,KEBBI,KB,KOKO/BESSE,13,0.4240564885,0.0040055043,KOKO/BESSELANI/MANYAN/TAFUKKA/SHIBA
6.7524,9.2760,4906,LEFU,8,NIGER,NG,GURARA,9,0.2647654147,0.0028429251,GURARALEFU
6.0314,9.3852,4909,LEMU,8,NIGER,NG,GBAKO,8,0.2927246829,0.0007863685,GBAKOLEMU
4.4099,11.7452,4915,LIBA/DANWA/KUKA KOGO,7,KEBBI,KB,MAIYAMA,14,0.3925482272,0.006164864,MAIYAMALIBA/DANWA/KUKA KOGO
4.6115,10.1740,4916,LIBATA/KWANGIA,5,KEBBI,KB,NGASKI,15,0.1841544741,0.001204266,NGASKILIBATA/KWANGIA
6.5410,9.6209,4927,LIMAWA \A\,1,NIGER,NG,CHANCHAGA,6,0.0319323484,0.00005393705,CHANCHAGALIMAWA \A\
6.5182,9.6231,4928,LIMAWA \B\,2,NIGER,NG,CHANCHAGA,6,0.1018532775,0.0004991002,CHANCHAGALIMAWA \B\
5.4452,12.5859,4938,LOFA,2,SOKOTO,SO,TURETA,20,0.0955928751,0.0003056492,TURETALOFA
6.0518,9.5790,4943,LOKOGOMA,7,NIGER,NG,WUSHISHI,25,0.136699189,0.0011108144,WUSHISHILOKOGOMA
3.6463,11.6082,4951,LOLO/GIRIS,8,KEBBI,KB,BAGUDO,5,0.7591024494,0.027082994,BAGUDOLOLO/GIRIS
5.6259,10.7594,4969,MABURYA,11,NIGER,NG,MARIGA,15,1.6510431284,0.10764762,MARIGAMABURYA
6.9890,12.1219,4974,MADA,3,ZAMFARA,ZF,GUSAU,7,0.4557393637,0.0118111081,GUSAUMADA
4.3272,11.3528,4978,MADACCI/FIRINI,11,KEBBI,KB,KOKO/BESSE,13,0.3581658064,0.0058823034,KOKO/BESSEMADACCI/FIRINI
5.4611,10.3281,4990,MADARA,7,NIGER,NG,KONTAGORA,11,0.2571271424,0.0032824023,KONTAGORAMADARA
6.6454,12.1822,4992,MADAWAKI,2,ZAMFARA,ZF,GUSAU,7,0.0992315605,0.000378399,GUSAUMADAWAKI
5.9441,12.0844,5006,MAGAJI,5,ZAMFARA,ZF,ANKA,1,0.2315139312,0.0027253335,ANKAMAGAJI
6.3709,8.9039,5007,MAGAJI,10,NIGER,NG,AGAIE,1,0.4765883038,0.011232201,AGAIEMAGAJI
5.1349,12.0769,5013,MAGAJIN GARI,9,ZAMFARA,ZF,GUMMI,6,0.4038588024,0.0097258905,GUMMIMAGAJIN GARI
5.2430,13.0709,5014,MAGAJIN GARI \A\,4,SOKOTO,SO,SOKOTO NORTH,16,0.0324931448,0.00007010878,SOKOTO NORTHMAGAJIN GARI \A\
5.2327,13.0693,5015,MAGAJIN GARI B,5,SOKOTO,SO,SOKOTO NORTH,16,0.0343682403,0.00008124983,SOKOTO NORTHMAGAJIN GARI B
5.2507,13.0631,5019,MAGAJIN RAFI \A\,7,SOKOTO,SO,SOKOTO NORTH,16,0.0199901119,0.00002235523,SOKOTO NORTHMAGAJIN RAFI \A\
5.2437,13.0597,5020,MAGAJIN RAFI \B\,8,SOKOTO,SO,SOKOTO NORTH,16,0.023347642,0.000032126,SOKOTO NORTHMAGAJIN RAFI \B\
5.4785,10.4077,5021,MAGAJIYA,5,NIGER,NG,KONTAGORA,11,0.0132560356,0.00001003888,KONTAGORAMAGAJIYA
7.1778,9.1772,5022,MAGAJIYA,8,NIGER,NG,SULEJA,23,0.0085968181,0.00000411224,SULEJAMAGAJIYA
6.6273,11.6977,5025,MAGAMI,4,ZAMFARA,ZF,GUSAU,7,0.6727443906,0.0238526958,GUSAUMAGAMI
5.4210,13.2924,5029,MAGARYA,2,SOKOTO,SO,WURNO,22,0.0218862495,0.00002358634,WURNOMAGARYA
4.4637,10.8831,5030,MAGO,7,NIGER,NG,AGWARA,2,0.5348762739,0.0021367644,AGWARAMAGO
4.8330,13.5068,5031,MAGONHO,9,SOKOTO,SO,TANGAZA,19,0.7943837663,0.0278838959,TANGAZAMAGONHO
4.9516,11.5740,5039,MAHUTA,4,KEBBI,KB,FAKAI,9,0.2095212778,0.0018529018,FAKAIMAHUTA
4.0479,12.1040,5059,MAIDAHINI,4,KEBBI,KB,BUNZA,7,0.1016962544,0.0002827316,BUNZAMAIDAHINI
3.9030,11.7629,5065,MAIGWAZA,10,KEBBI,KB,DANDI,8,0.3260025838,0.0025319848,DANDIMAIGWAZA
3.6567,11.8413,5067,MAIHAUSAWA,5,KEBBI,KB,DANDI,8,0.0588214252,0.0001298797,DANDIMAIHAUSAWA
4.9134,13.1611,5071,MAIKULKI,7,SOKOTO,SO,BINJI,1,0.2228582864,0.0021838337,BINJIMAIKULKI
6.4502,9.6840,5072,MAIKUNKELE,8,NIGER,NG,BOSSO,5,0.4292784572,0.0097418615,BOSSOMAIKUNKELE
4.3589,11.3540,5073,MAIKWARI/ KARAMAR/ DAMBA/ BAKOSHI,12,KEBBI,KB,KOKO/BESSE,13,0.4481754994,0.0131018378,KOKO/BESSEMAIKWARI/ KARAMAR/ DAMBA/ BAKO
6.0372,9.6582,5088,MAITO,8,NIGER,NG,WUSHISHI,25,0.0849800729,0.0002863719,WUSHISHIMAITO
6.6181,9.6173,5090,MAITUMBI,9,NIGER,NG,BOSSO,5,0.3331055959,0.0063155627,BOSSOMAITUMBI
4.3698,12.0829,5093,MAIYAMA,8,KEBBI,KB,MAIYAMA,14,0.0184671945,0.00001615121,MAIYAMAMAIYAMA
7.1789,9.2338,5098,MAJE NORTH,9,NIGER,NG,SULEJA,23,0.2181088838,0.0024611739,SULEJAMAJE NORTH
4.6519,10.5450,5115,MAKAWA ULEIRA,7,KEBBI,KB,NGASKI,15,0.2590782018,0.003491391,NGASKIMAKAWA ULEIRA
6.5469,9.6103,5118,MAKERA,3,NIGER,NG,CHANCHAGA,6,0.0364810168,0.00006972557,CHANCHAGAMAKERA
4.0980,12.5114,5119,MAKERA,6,KEBBI,KB,BIRNIN KEBBI,6,0.0966312643,0.000468119,BIRNIN KEBBIMAKERA
5.4809,11.0174,5123,MAKUKU,7,KEBBI,KB,SAKABA,16,0.3330922354,0.0048623491,SAKABAMAKUKU
6.2310,13.5981,5128,MAKUWANA,10,SOKOTO,SO,S/BIRNI,13,0.2961714032,0.0051989273,S/BIRNIMAKUWANA
4.4927,10.1170,5132,MALALE,5,NIGER,NG,BORGU,4,0.2364512283,0.0018660733,BORGUMALALE
4.7230,12.4103,5137,MALISA,9,KEBBI,KB,GWANDU,10,0.1849618836,0.0023476268,GWANDUMALISA
5.9233,8.9194,5146,MAMBE,12,NIGER,NG,LAVUN,13,0.5580794882,0.0199602532,LAVUNMAMBE
5.4915,13.4839,5147,MAMMANDE,9,SOKOTO,SO,GWADABAWA,7,0.3129814232,0.0043900634,GWADABAWAMAMMANDE
4.9110,12.4976,5156,MANDERA,10,SOKOTO,SO,SHAGARI,14,0.164762018,0.0016639031,SHAGARIMANDERA
5.1895,11.3028,5157,MANGA/USHE,4,KEBBI,KB,ZURU,21,0.4981472433,0.0089075261,ZURUMANGA/USHE
6.4501,9.9447,5168,MANTA,12,NIGER,NG,SHIRORO,22,0.5659607379,0.0136291102,SHIROROMANTA
6.2520,12.5833,5177,MARADUN NORTH,8,ZAMFARA,ZF,MARADUN,9,0.3977091688,0.005418148,MARADUNMARADUN NORTH
6.2343,12.5581,5178,MARADUN SOUTH,9,ZAMFARA,ZF,MARADUN,9,0.3291690648,0.0041646409,MARADUNMARADUN SOUTH
5.4239,13.2902,5179,MARAFA,1,SOKOTO,SO,WURNO,22,0.0334071792,0.00007172993,WURNOMARAFA
4.7791,11.5460,5180,MARAFA,9,KEBBI,KB,FAKAI,9,0.562629856,0.0134568421,FAKAIMARAFA
4.7919,13.0119,5181,MARAFA EAST,8,SOKOTO,SO,SILAME,15,0.1651303748,0.0013479881,SILAMEMARAFA EAST
4.7275,13.0124,5182,MARAFA WEST,9,SOKOTO,SO,SILAME,15,0.1255039967,0.0006020828,SILAMEMARAFA WEST
4.6112,13.6985,5184,MARAKEN BORI,9,SOKOTO,SO,GUDU,6,0.5876993342,0.0038637055,GUDUMARAKEN BORI
4.8039,12.1692,5190,MARGAI - A,3,SOKOTO,SO,KEBBE,11,0.2148448659,0.0015761899,KEBBEMARGAI - A
4.7363,12.1740,5191,MARGAI - B,4,SOKOTO,SO,KEBBE,11,0.1330735257,0.0009731783,KEBBEMARGAI - B
6.3703,12.3162,5202,MARU,8,ZAMFARA,ZF,MARU,10,0.4056042447,0.0107002323,MARUMARU
4.7622,12.5079,5203,MARUDA,8,KEBBI,KB,GWANDU,10,0.2654914968,0.0044852251,GWANDUMARUDA
6.0092,9.0885,5207,MASABA  II,7,NIGER,NG,BIDA,3,0.0112603697,0.0000071023,BIDAMASABA  II
6.0057,9.0891,5208,MASABA I,6,NIGER,NG,BIDA,3,0.01655283,0.00001517108,BIDAMASABA I
6.0175,9.0922,5210,MASAGA  I,8,NIGER,NG,BIDA,3,0.0243282855,0.00001563571,BIDAMASAGA  I
6.0127,9.0936,5211,MASAGA II,9,NIGER,NG,BIDA,3,0.0118708495,0.00000862609,BIDAMASAGA II
5.5424,12.1293,5212,MASAMA,5,ZAMFARA,ZF,BUKKUYUM,4,0.0936043242,0.0003105482,BUKKUYUMMASAMA
4.7130,12.5115,5213,MASAMA KWASGARA,10,KEBBI,KB,GWANDU,10,0.2798363321,0.0039678553,GWANDUMASAMA KWASGARA
5.7206,9.9362,5218,MASHEGU,8,NIGER,NG,MASHEGU,16,1.3873752381,0.1038687131,MASHEGUMASHEGU
6.6900,13.0565,5219,MASHEM,7,ZAMFARA,ZF,ZURMI,14,0.1779127265,0.0016650768,ZURMIMASHEM
5.5212,10.5310,5227,MASUGA,6,NIGER,NG,KONTAGORA,11,0.4313816185,0.0079577613,KONTAGORAMASUGA
5.8579,12.0571,5236,MATSERI,6,ZAMFARA,ZF,ANKA,1,0.773345781,0.0196941183,ANKAMATSERI
4.2853,11.4463,5237,MATSINKA/GEZA,9,KEBBI,KB,BAGUDO,5,0.3944965964,0.0065309946,BAGUDOMATSINKA/GEZA
4.1642,12.5653,5240,MAURIDA /KARYO/UNG. MIJIN-NANA,7,KEBBI,KB,BIRNIN KEBBI,6,0.3213134857,0.0056898659,BIRNIN KEBBIMAURIDA /KARYO/UNG. MIJIN-NA
6.0049,9.0784,5245,MAYAKI NDAJIYA,10,NIGER,NG,BIDA,3,0.0200177847,0.0000252868,BIDAMAYAKI NDAJIYA
6.6361,12.1353,5246,MAYANA,5,ZAMFARA,ZF,GUSAU,7,0.2322050215,0.0030880014,GUSAUMAYANA
6.2617,12.3302,5247,MAYANCHI,9,ZAMFARA,ZF,MARU,10,0.2174234401,0.0025968987,MARUMAYANCHI
5.4356,11.3218,5262,MAZA/MAZA,6,KEBBI,KB,SAKABA,16,0.2855667418,0.0024869657,SAKABAMAZA/MAZA
5.0922,10.0349,5263,MAZAKUKA/LIKORO,9,NIGER,NG,MASHEGU,16,0.5488348757,0.0113539838,MASHEGUMAZAKUKA/LIKORO
5.1611,12.8240,5264,MAZAN GARI/JIRGA MIYO,3,SOKOTO,SO,BODINGA,2,0.4208721057,0.0085337181,BODINGAMAZAN GARI/JIRGA MIYO
6.5408,9.6106,5425,MINNA CENTRAL,4,NIGER,NG,CHANCHAGA,6,0.0243620896,0.00002935673,CHANCHAGAMINNA CENTRAL
6.5259,9.5960,5426,MINNA SOUTH,5,NIGER,NG,CHANCHAGA,6,0.0797838789,0.0002462104,CHANCHAGAMINNA SOUTH
6.7675,12.5583,5443,MODOMAWA EAST,7,ZAMFARA,ZF,BIRNIN MAGAJI,3,0.3399766343,0.0047233427,BIRNIN MAGAJIMODOMAWA EAST
6.7015,12.5268,5444,MODOMAWA WEST,8,ZAMFARA,ZF,BIRNIN MAGAJI,3,0.2463829938,0.0034661137,BIRNIN MAGAJIMODOMAWA WEST
5.0525,9.2934,5453,MOKWA,9,NIGER,NG,MOKWA,17,0.0390279177,0.00003449294,MOKWAMOKWA
6.1997,12.3840,5461,MORAI,5,ZAMFARA,ZF,TALATA MAFARA,12,0.4017108845,0.0091407715,TALATA MAFARAMORAI
4.1433,12.1175,5491,MUNGADI/BOTORO,9,KEBBI,KB,MAIYAMA,14,0.2785245459,0.0021180549,MAIYAMAMUNGADI/BOTORO
5.7607,8.8071,5494,MUREGI,10,NIGER,NG,MOKWA,17,0.3829339185,0.0013065339,MOKWAMUREGI
4.0089,12.3023,5508,MUTUBARI,7,KEBBI,KB,KALGO,12,0.0635176,0.0001900738,KALGOMUTUBARI
6.6171,8.3303,5511,MUYE/EGBA,9,NIGER,NG,LAPAI,12,0.7401656639,0.0170970652,LAPAIMUYE/EGBA
5.5185,10.3530,5520,NAGWAMATSE,8,NIGER,NG,KONTAGORA,11,0.3714265333,0.0077211129,KONTAGORANAGWAMATSE
6.5423,12.3785,5521,NAHUCE,6,ZAMFARA,ZF,BUNGUDU,5,0.255697498,0.0045039008,BUNGUDUNAHUCE
4.4214,11.7139,5540,NASAGUDU,6,SOKOTO,SO,KEBBE,11,0.2624713338,0.0030040721,KEBBENASAGUDU
5.7258,12.0124,5541,NASARAWA,6,ZAMFARA,ZF,BUKKUYUM,4,0.3894607906,0.0085826063,BUKKUYUMNASARAWA
5.7404,12.8028,5543,NASARAWA,8,ZAMFARA,ZF,BAKURA,2,0.3679164239,0.0070404376,BAKURANASARAWA
6.9177,12.5003,5551,NASARAWA GODAL EAST,9,ZAMFARA,ZF,BIRNIN MAGAJI,3,0.4402611616,0.0073457783,BIRNIN MAGAJINASARAWA GODAL EAST
6.7867,12.5424,5552,NASARAWA GODAL WEST,10,ZAMFARA,ZF,BIRNIN MAGAJI,3,0.2718747553,0.004206289,BIRNIN MAGAJINASARAWA GODAL WEST
4.9516,10.5249,5557,NASKO,10,NIGER,NG,MAGAMA,14,0.8089676977,0.0335896157,MAGAMANASKO
6.0175,9.0701,5558,NASSARAFU,11,NIGER,NG,BIDA,3,0.0542217542,0.00007969368,BIDANASSARAFU
4.6223,9.9556,5559,NASSARAWA,11,NIGER,NG,MAGAMA,14,0.4304120974,0.0033122488,MAGAMANASSARAWA
4.2104,12.4474,5560,NASSARAWA - I,1,KEBBI,KB,BIRNIN KEBBI,6,0.151391537,0.0007565419,BIRNIN KEBBINASSARAWA - I
6.5503,9.6205,5561,NASSARAWA \A\,6,NIGER,NG,CHANCHAGA,6,0.0226094332,0.00002445323,CHANCHAGANASSARAWA \A\
6.5498,9.6239,5562,NASSARAWA \B\,7,NIGER,NG,CHANCHAGA,6,0.0235546881,0.0000263423,CHANCHAGANASSARAWA \B\
6.5485,9.6367,5563,NASSARAWA \C\,8,NIGER,NG,CHANCHAGA,6,0.076634903,0.0002492697,CHANCHAGANASSARAWA \C\
4.1861,12.4399,5564,NASSARAWA II,2,KEBBI,KB,BIRNIN KEBBI,6,0.1259812359,0.0003731841,BIRNIN KEBBINASSARAWA II
4.0494,12.4822,5577,NAYILWA,8,KEBBI,KB,KALGO,12,0.1648167909,0.0014168294,KALGONAYILWA
4.5313,9.8751,5640,NEW BUSSA,6,NIGER,NG,BORGU,4,0.2139812277,0.0007250605,BORGUNEW BUSSA
7.3190,9.2833,5641,NEW BWARI,6,NIGER,NG,TAFA,24,0.7861456605,0.0076007228,TAFANEW BWARI
4.7989,10.3597,5651,NGASKI,8,KEBBI,KB,NGASKI,15,0.37738087,0.0042365396,NGASKINGASKI
6.6342,9.3264,5691,NIKUCHI T/MALLAM,9,NIGER,NG,PAIKORO,19,0.6313527893,0.0231095322,PAIKORONIKUCHI T/MALLAM
6.0483,9.4805,5806,NUWANKOTA,9,NIGER,NG,GBAKO,8,0.5592075948,0.0181387867,GBAKONUWANKOTA
6.6309,9.4177,6942,PAIKO CENTRAL,10,NIGER,NG,PAIKORO,19,0.2251061574,0.0023189175,PAIKOROPAIKO CENTRAL
4.4175,10.6139,6971,PAPIRI,8,NIGER,NG,AGWARA,2,0.3223092632,0.0028334831,AGWARAPAPIRI
5.0538,11.3649,6983,PENIN AMANA/PENIN GABA,10,KEBBI,KB,FAKAI,9,0.3237199634,0.0038682427,FAKAIPENIN AMANA/PENIN GABA
6.6881,9.7633,6988,PINA,13,NIGER,NG,SHIRORO,22,0.3286388707,0.0063058078,SHIROROPINA
5.4071,13.7782,7014,R. GATI,9,SOKOTO,SO,ILLELA,8,0.3289228336,0.0054651446,ILLELAR. GATI
5.2451,13.0535,7015,R/DOROWA \A\,1,SOKOTO,SO,SOKOTO SOUTH,17,0.0230955046,0.00003084517,SOKOTO SOUTHR/DOROWA \A\
5.2388,13.0397,7016,R/DOROWA \B\,2,SOKOTO,SO,SOKOTO SOUTH,17,0.0642008597,0.0002294334,SOKOTO SOUTHR/DOROWA \B\
5.4990,13.1389,7019,RABAH,1,SOKOTO,SO,RABAH,12,0.1810861966,0.0013879205,RABAHRABAH
5.0842,9.2669,7020,RABBA/NDAYAKO,11,NIGER,NG,MOKWA,17,0.6231761494,0.0225806572,MOKWARABBA/NDAYAKO
4.4101,12.2868,7025,RAFIN BAUNA,9,KEBBI,KB,ALIERO,1,0.0941480001,0.0004345396,ALIERORAFIN BAUNA
5.4015,10.2698,7026,RAFIN GORA,9,NIGER,NG,KONTAGORA,11,0.1008595504,0.0003298621,KONTAGORARAFIN GORA
4.5693,11.4270,7029,RAFIN KIRYA/TEFKI TARA,5,KEBBI,KB,SHANGA,17,0.2927283883,0.004344713,SHANGARAFIN KIRYA/TEFKI TARA
5.2337,11.4305,7031,RAFIN ZURU,5,KEBBI,KB,ZURU,21,0.0539209066,0.0001678329,ZURURAFIN ZURU
4.0990,12.1031,7035,RAHA,5,KEBBI,KB,BUNZA,7,0.1993820472,0.0010508784,BUNZARAHA
5.1313,13.4354,7039,RAKA,3,SOKOTO,SO,TANGAZA,19,0.2807328277,0.0043456838,TANGAZARAKA
5.5975,12.9525,7049,RARA,3,SOKOTO,SO,RABAH,12,0.3232840019,0.005173441,RABAHRARA
6.6781,12.3010,7054,RAWAYYA/ BELA,8,ZAMFARA,ZF,BUNGUDU,5,0.5476067465,0.0099626373,BUNGUDURAWAYYA/ BELA
5.4633,11.4264,7060,RIBAH/MACHIKA,7,KEBBI,KB,WASAGU/DANKO,19,0.4714900667,0.0096773225,WASAGU/DANKORIBAH/MACHIKA
5.2531,11.1257,7071,RIJAU,6,NIGER,NG,RIJAU,21,0.1834407534,0.001275391,RIJAURIJAU
5.5017,13.0853,7072,RIJI/MAIKUJERA,2,SOKOTO,SO,RABAH,12,0.1044033589,0.0003006141,RABAHRIJI/MAIKUJERA
6.7502,12.0615,7073,RIJIYA,6,ZAMFARA,ZF,GUSAU,7,0.3513648803,0.0057540926,GUSAURIJIYA
5.2940,12.9914,7077,RIKINA,10,SOKOTO,SO,DANGE/SHUNI,3,0.1485253572,0.0011903751,DANGE/SHUNIRIKINA
5.2549,11.4492,7079,RIKOTO,6,KEBBI,KB,ZURU,21,0.1649667291,0.0004615544,ZURURIKOTO
5.9311,13.4436,7082,RIMAWA,7,SOKOTO,SO,GORONYO,5,0.4879087883,0.0116242149,GORONYORIMAWA
6.0568,12.7005,7092,RINI,9,ZAMFARA,ZF,BAKURA,2,0.154057754,0.0012917202,BAKURARINI
4.5481,9.7696,7095,RIVERINE,10,NIGER,NG,BORGU,4,0.8177955241,0.032804274,BORGURIVERINE
4.6884,10.7170,7097,ROFIA,9,NIGER,NG,AGWARA,2,0.09548967,0.0001292014,AGWARAROFIA
5.5019,9.0555,7102,ROKOTA,9,NIGER,NG,EDATTI,7,0.3386904323,0.0028476519,EDATTIROKOTA
4.6252,12.1967,7104,ROMON SARKI,1,SOKOTO,SO,TAMBUWAL,18,0.1436708879,0.0001754871,TAMBUWALROMON SARKI
5.2966,12.9013,7110,RUDU/AMANAWA,6,SOKOTO,SO,DANGE/SHUNI,3,0.247536601,0.002319534,DANGE/SHUNIRUDU/AMANAWA
5.3474,12.9503,7112,RUGGAR GIDADO,11,SOKOTO,SO,DANGE/SHUNI,3,0.2826018822,0.0040170202,DANGE/SHUNIRUGGAR GIDADO
5.0687,12.7234,7113,RUGGAR IYA,5,SOKOTO,SO,YABO,23,0.1657937093,0.0015592859,YABORUGGAR IYA
6.8653,12.7419,7118,RUKUDAWA,9,ZAMFARA,ZF,ZURMI,14,0.6019537053,0.0196531356,ZURMIRUKUDAWA
5.0890,11.4614,7124,RUMU/DABEN/SEME,7,KEBBI,KB,ZURU,21,0.5006680582,0.005476435,ZURURUMU/DABEN/SEME
4.9569,13.7132,7146,RUWA-WURI,2,SOKOTO,SO,TANGAZA,19,0.5373985283,0.005152518,TANGAZARUWA-WURI
6.0007,12.5142,7148,RUWAN BORE,6,ZAMFARA,ZF,TALATA MAFARA,12,0.1981082256,0.0017264376,TALATA MAFARARUWAN BORE
6.9568,12.1930,7149,RUWAN BORE,7,ZAMFARA,ZF,GUSAU,7,0.2637669937,0.0045143442,GUSAURUWAN BORE
6.3931,12.1858,7150,RUWAN DORAWA,10,ZAMFARA,ZF,MARU,10,0.3984831008,0.0064060484,MARURUWAN DORAWA
5.9810,12.2220,7151,RUWAN GIZO,7,ZAMFARA,ZF,TALATA MAFARA,12,0.2757026789,0.0044685416,TALATA MAFARARUWAN GIZO
5.6592,12.2530,7153,RUWAN JEMA,7,ZAMFARA,ZF,BUKKUYUM,4,0.4017293555,0.0087591372,BUKKUYUMRUWAN JEMA
5.2358,13.0583,7167,S/A/K/ATIKU,11,SOKOTO,SO,SOKOTO SOUTH,17,0.0188631357,0.00002084818,SOKOTO SOUTHS/A/K/ATIKU
5.2209,13.0577,7168,S/ADAR GANDU,11,SOKOTO,SO,SOKOTO NORTH,16,0.043181168,0.0001084459,SOKOTO NORTHS/ADAR GANDU
5.2076,13.0687,7169,S/ADAR/G/IGWAI,6,SOKOTO,SO,SOKOTO NORTH,16,0.0470474082,0.0001124724,SOKOTO NORTHS/ADAR/G/IGWAI
6.6111,12.5998,7170,S/BAURA/S/MAFARA,10,ZAMFARA,ZF,KAURA NAMODA,8,0.2004294334,0.00229163,KAURA NAMODAS/BAURA/S/MAFARA
6.3605,13.6009,7171,S/BIRNI EAST,1,SOKOTO,SO,S/BIRNI,13,0.538464353,0.0121103806,S/BIRNIS/BIRNI EAST
6.3224,13.5573,7172,S/BIRNI WEST,2,SOKOTO,SO,S/BIRNI,13,0.0756754887,0.0002197443,S/BIRNIS/BIRNI WEST
5.2275,13.2832,7173,S/BIRNI/ G. KARMA,4,SOKOTO,SO,KWARE,10,0.440939146,0.0122184619,KWARES/BIRNI/ G. KARMA
5.7838,13.2582,7174,S/GARI DOLE/DAN/TASAKKO,9,SOKOTO,SO,GORONYO,5,1.1203458249,0.0419652972,GORONYOS/GARI DOLE/DAN/TASAKKO
5.2471,13.0648,7177,S/MUSULMI \A\,9,SOKOTO,SO,SOKOTO NORTH,16,0.0169108574,0.00001515146,SOKOTO NORTHS/MUSULMI \A\
5.2413,13.0639,7178,S/MUSULMI \B\,10,SOKOTO,SO,SOKOTO NORTH,16,0.0158405418,0.00001041978,SOKOTO NORTHS/MUSULMI \B\
5.2397,13.0542,7180,S/ZAMFARA \A\,5,SOKOTO,SO,SOKOTO SOUTH,17,0.0148146507,0.00001329376,SOKOTO SOUTHS/ZAMFARA \A\
5.2346,13.0479,7181,S/ZAMFARA \B\,6,SOKOTO,SO,SOKOTO SOUTH,17,0.036053199,0.000067733,SOKOTO SOUTHS/ZAMFARA \B\
4.4217,12.3846,7189,SABIYAL,10,KEBBI,KB,ALIERO,1,0.1489151598,0.0011032459,ALIEROSABIYAL
6.1264,11.7005,7197,SABON BIRINI,7,ZAMFARA,ZF,ANKA,1,0.5963071656,0.0216129436,ANKASABON BIRINI
4.1180,12.2113,7198,SABON BIRNI,6,KEBBI,KB,BUNZA,7,0.170698739,0.0003117704,BUNZASABON BIRNI
6.3091,10.1662,7207,SABON GARI,8,NIGER,NG,RAFI,20,0.6227626141,0.0217587183,RAFISABON GARI
6.6667,12.1649,7208,SABON GARI,8,ZAMFARA,ZF,GUSAU,7,0.0277212191,0.00003178875,GUSAUSABON GARI
6.5588,9.6201,7210,SABON GARI,9,NIGER,NG,CHANCHAGA,6,0.0583432795,0.0001443738,CHANCHAGASABON GARI
6.1008,9.6883,7211,SABON GARI,9,NIGER,NG,WUSHISHI,25,0.223604481,0.0027317141,WUSHISHISABON GARI
5.4073,9.8603,7243,SAHO-RAMI,10,NIGER,NG,MASHEGU,16,0.6563915384,0.0197687443,MASHEGUSAHO-RAMI
4.8165,12.6960,7244,SAIDA/GOSHE,11,SOKOTO,SO,TAMBUWAL,18,0.3139635927,0.0063468678,TAMBUWALSAIDA/GOSHE
5.5505,11.1319,7247,SAKABA,8,KEBBI,KB,SAKABA,16,1.0091520358,0.0299001802,SAKABASAKABA
6.5140,12.5259,7248,SAKAJIKI,9,ZAMFARA,ZF,KAURA NAMODA,8,0.2274664522,0.0031455691,KAURA NAMODASAKAJIKI
4.9154,13.5891,7250,SAKKWAI,10,SOKOTO,SO,TANGAZA,19,0.3554708592,0.0044978824,TANGAZASAKKWAI
5.6289,9.0828,7251,SAKPE,10,NIGER,NG,EDATTI,7,0.2545901886,0.0037668576,EDATTISAKPE
5.3882,13.4303,7255,SALAME,10,SOKOTO,SO,GWADABAWA,7,0.2757542848,0.0031912455,GWADABAWASALAME
5.1036,13.5568,7256,SALEWA,4,SOKOTO,SO,TANGAZA,19,0.265128113,0.0012927706,TANGAZASALEWA
3.9770,12.1805,7258,SALWAI,7,KEBBI,KB,BUNZA,7,0.1651005518,0.0010247616,BUNZASALWAI
5.0256,13.1596,7260,SAMAMA,2,SOKOTO,SO,BINJI,1,0.1025464543,0.0002899652,BINJISAMAMA
6.7592,12.2453,7263,SAMAWA,9,ZAMFARA,ZF,BUNGUDU,5,0.2594086824,0.0029572463,BUNGUDUSAMAWA
4.2583,12.2554,7265,SAMBAWA/MAYALO,10,KEBBI,KB,MAIYAMA,14,0.1996277646,0.0021834544,MAIYAMASAMBAWA/MAYALO
6.1062,9.4249,7268,SAMMAJIKO,10,NIGER,NG,GBAKO,8,0.3333079991,0.0055003226,GBAKOSAMMAJIKO
4.7443,11.7506,7275,SANGI,7,SOKOTO,SO,KEBBE,11,0.6320837231,0.0114223682,KEBBESANGI
6.7900,12.1595,7280,SANKALAWA,10,ZAMFARA,ZF,BUNGUDU,5,0.1432672612,0.0011403726,BUNGUDUSANKALAWA
4.8600,12.6999,7285,SANYINNA,8,SOKOTO,SO,TAMBUWAL,18,0.0232026041,0.00002637107,TAMBUWALSANYINNA
4.9131,12.6028,7286,SANYINNAWAL,8,SOKOTO,SO,SHAGARI,14,0.2141768066,0.0026474572,SHAGARISANYINNAWAL
4.3662,11.9958,7297,SARANDOSA/GUBBA,11,KEBBI,KB,MAIYAMA,14,0.374091127,0.0053592183,MAIYAMASARANDOSA/GUBBA
4.3645,12.9372,7304,SARKA/DANTSOHO,10,KEBBI,KB,AREWA,2,0.8060622145,0.0329456335,AREWASARKA/DANTSOHO
5.2315,13.0582,7305,SARKIN ADAR KWANNI,10,SOKOTO,SO,SOKOTO SOUTH,17,0.0407925988,0.000083873,SOKOTO SOUTHSARKIN ADAR KWANNI
7.1501,9.9930,7314,SARKIN PAWA,11,NIGER,NG,MUNYA,18,0.1838492399,0.0017855111,MUNYASARKIN PAWA
5.9847,12.3669,7323,SAUNA R/ GORA,8,ZAMFARA,ZF,TALATA MAFARA,12,0.5944889052,0.0205196639,TALATA MAFARASAUNA R/ GORA
4.2795,12.5997,7324,SAUWA/KAURAR SANI,10,KEBBI,KB,ARGUNGU,3,0.2464218125,0.0025474449,ARGUNGUSAUWA/KAURAR SANI
4.6661,11.1061,7325,SAWASHI,7,KEBBI,KB,SHANGA,17,0.2938918051,0.005371213,SHANGASAWASHI
5.2279,11.3003,7333,SENCHI,8,KEBBI,KB,ZURU,21,0.3082106645,0.0039485301,ZURUSENCHI
4.9896,12.6114,7355,SHAGARI,7,SOKOTO,SO,SHAGARI,14,0.184627932,0.0018259291,SHAGARISHAGARI
4.3561,10.3481,7357,SHAGUNU,8,NIGER,NG,BORGU,4,0.5785604401,0.0200957243,BORGUSHAGUNU
7.1215,9.4361,7360,SHAKO,9,NIGER,NG,GURARA,9,0.2914744942,0.0035728479,GURARASHAKO
5.2988,10.9878,7364,SHAMBO,7,NIGER,NG,RIJAU,21,0.3131275764,0.0058542425,RIJAUSHAMBO
6.4876,13.0960,7366,SHANAWA,10,ZAMFARA,ZF,SHINKAFI,11,0.0563797963,0.00006756913,SHINKAFISHANAWA
4.6428,11.2111,7367,SHANGA,8,KEBBI,KB,SHANGA,17,0.3124227057,0.0041075518,SHANGASHANGA
4.2303,11.6035,7373,SHARABI/KWANGUWAI,10,KEBBI,KB,BAGUDO,5,0.4795912601,0.0097318503,BAGUDOSHARABI/KWANGUWAI
6.5362,9.7344,7382,SHATA,10,NIGER,NG,BOSSO,5,0.2620335847,0.0040478607,BOSSOSHATA
6.7698,9.6259,7386,SHE,14,NIGER,NG,SHIRORO,22,0.6331004638,0.0190836444,SHIROROSHE
3.8540,11.8188,7408,SHIKO,11,KEBBI,KB,DANDI,8,0.264362538,0.0037400523,DANDISHIKO
5.6785,13.5388,7410,SHINAKA,8,SOKOTO,SO,GORONYO,5,0.373893305,0.0059734279,GORONYOSHINAKA
6.5058,13.0750,7414,SHINKAFI NORTH,8,ZAMFARA,ZF,SHINKAFI,11,0.0359748284,0.00005172513,SHINKAFISHINKAFI NORTH
6.5134,13.0632,7415,SHINKAFI SOUTH,9,ZAMFARA,ZF,SHINKAFI,11,0.0617218042,0.0001849512,SHINKAFISHINKAFI SOUTH
6.0522,12.5324,7419,SHIYAR GALADIMA,9,ZAMFARA,ZF,TALATA MAFARA,12,0.36481264,0.0067161864,TALATA MAFARASHIYAR GALADIMA
6.0958,12.5880,7420,SHIYAR KAYAYE/MATUSGI,10,ZAMFARA,ZF,TALATA MAFARA,12,0.3128172096,0.0050945324,TALATA MAFARASHIYAR KAYAYE/MATUSGI
5.0738,12.1313,7421,SHIYAR RAFI,10,ZAMFARA,ZF,GUMMI,6,0.1768504959,0.0004811933,GUMMISHIYAR RAFI
5.2746,12.9285,7425,SHUNI,5,SOKOTO,SO,DANGE/SHUNI,3,0.1709125208,0.0016937657,DANGE/SHUNISHUNI
6.1369,8.9952,7428,SIDI SABA,10,NIGER,NG,KATCHA,10,0.1656449042,0.0016250655,KATCHASIDI SABA
5.1209,12.8470,7429,SIFAWA/LUKUYAWA,4,SOKOTO,SO,BODINGA,2,0.2119076313,0.0020569943,BODINGASIFAWA/LUKUYAWA
4.8827,13.0461,7433,SILAME,10,SOKOTO,SO,SILAME,15,0.3309298206,0.0021826057,SILAMESILAME
4.7725,10.9706,7454,SOKAGE/GOLONGO/HUNDEJI,6,KEBBI,KB,SHANGA,17,0.4548744962,0.0122522947,SHANGASOKAGE/GOLONGO/HUNDEJI
4.8451,13.1394,7462,SORO GABAS,9,SOKOTO,SO,BINJI,1,0.1743714946,0.0016308107,BINJISORO GABAS
4.6696,13.1178,7463,SORO YAMMA,10,SOKOTO,SO,BINJI,1,0.5224123854,0.0073545599,BINJISORO YAMMA
4.1929,11.8809,7508,SURU,11,KEBBI,KB,SURU,18,0.3841616262,0.0095493384,SURUSURU
4.6464,10.6358,7510,SUTEKU,10,NIGER,NG,AGWARA,2,0.111510051,0.0005620925,AGWARASUTEKU
4.9930,13.3286,7511,SUTTI,6,SOKOTO,SO,TANGAZA,19,0.3315911984,0.0056533315,TANGAZASUTTI
5.1840,11.0181,7514,T/BUNU,8,NIGER,NG,RIJAU,21,0.4572479514,0.0118611759,RIJAUT/BUNU
4.9313,13.2769,7515,T/KOSE,5,SOKOTO,SO,BINJI,1,0.1529572449,0.001112504,BINJIT/KOSE
5.3096,11.1692,7516,T/MAGAJIYA,9,NIGER,NG,RIJAU,21,0.3026862392,0.0028761078,RIJAUT/MAGAJIYA
5.2547,13.0583,7517,T/WADA \A\,3,SOKOTO,SO,SOKOTO SOUTH,17,0.0348057975,0.00006842068,SOKOTO SOUTHT/WADA \A\
5.2513,13.0461,7518,T/WADA \B\,4,SOKOTO,SO,SOKOTO SOUTH,17,0.0432351194,0.0001133568,SOKOTO SOUTHT/WADA \B\
5.3670,11.5356,7525,TADURGA,9,KEBBI,KB,ZURU,21,0.3590944835,0.0020483577,ZURUTADURGA
6.4965,8.8520,7531,TAGAGI,11,NIGER,NG,AGAIE,1,0.7359026349,0.0273297373,AGAIETAGAGI
5.8150,13.5263,7538,TAKAKUME,11,SOKOTO,SO,GORONYO,5,0.1798039935,0.0014048379,GORONYOTAKAKUME
5.1939,12.9105,7541,TAKATUKU/MADORAWA,11,SOKOTO,SO,BODINGA,2,0.2106273196,0.0028173291,BODINGATAKATUKU/MADORAWA
6.1244,12.5252,7543,TAKE TSABA/MAKERA,11,ZAMFARA,ZF,TALATA MAFARA,12,0.2782051901,0.0037807816,TALATA MAFARATAKE TSABA/MAKERA
6.6672,9.2065,7545,TAKUTI/SHAKU,10,NIGER,NG,LAPAI,12,0.8117601065,0.0336718013,LAPAITAKUTI/SHAKU
4.5007,11.3233,7546,TAKWARE,8,KEBBI,KB,KOKO/BESSE,13,0.229754859,0.0016457797,KOKO/BESSETAKWARE
4.5815,11.3125,7547,TAKWARE,9,KEBBI,KB,SHANGA,17,0.2907669851,0.0023696433,SHANGATAKWARE
4.6696,12.3731,7561,TAMBUWAL/SHINFIRI,5,SOKOTO,SO,TAMBUWAL,18,0.23405101,0.0035165328,TAMBUWALTAMBUWAL/SHINFIRI
4.8850,13.4169,7569,TANGAZA,1,SOKOTO,SO,TANGAZA,19,1.0151755889,0.0260578568,TANGAZATANGAZA
6.3863,13.4761,7576,TARA,5,SOKOTO,SO,S/BIRNI,13,0.2021282549,0.002334197,S/BIRNITARA
6.1277,10.0580,7597,TEGINA GARI,9,NIGER,NG,RAFI,20,0.5043625836,0.0137098165,RAFITEGINA GARI
6.0754,10.1532,7598,TEGINA WEST,10,NIGER,NG,RAFI,20,0.4527384191,0.0104499603,RAFITEGINA WEST
6.1009,13.2659,7611,TIDIBALE,5,SOKOTO,SO,ISA,9,0.4962697385,0.0155338817,ISATIDIBALE
4.6172,12.7748,7613,TIGGI/AWADE,9,KEBBI,KB,AUGIE,4,0.2976429046,0.0040733413,AUGIETIGGI/AWADE
3.9299,12.3757,7619,TILLI/HILEMA,8,KEBBI,KB,BUNZA,7,0.3200123924,0.005560637,BUNZATILLI/HILEMA
6.8221,12.2425,7629,TOFA,11,ZAMFARA,ZF,BUNGUDU,5,0.3044246947,0.0052151463,BUNGUDUTOFA
4.7490,10.8899,7639,TONDI,4,KEBBI,KB,YAURI,20,0.1147508708,0.000384191,YAURITONDI
4.9250,12.7171,7643,TORANKAWA,4,SOKOTO,SO,YABO,23,0.3688898952,0.0051819369,YABOTORANKAWA
6.4403,13.2689,7654,TOZAI,8,SOKOTO,SO,ISA,9,0.1520418757,0.0010767339,ISATOZAI
5.4167,13.6912,7655,TOZAI,10,SOKOTO,SO,ILLELA,8,0.3361663243,0.0064316936,ILLELATOZAI
6.2622,13.2464,7660,TSABREN SARKIN DARAI,4,SOKOTO,SO,ISA,9,0.3979057203,0.0065232275,ISATSABREN SARKIN DARAI
5.3402,12.8853,7661,TSAFANADE,7,SOKOTO,SO,DANGE/SHUNI,3,0.1011579044,0.0006930607,DANGE/SHUNITSAFANADE
6.8753,11.9435,7662,TSAFE,8,ZAMFARA,ZF,TSAFE,13,0.416365989,0.0095697342,TSAFETSAFE
5.3341,13.0186,7667,TSAKI/ WALAKE\E,11,SOKOTO,SO,KWARE,10,0.1951668142,0.0019113297,KWARETSAKI/ WALAKE\E
6.1227,13.5516,7673,TSAMAYE,3,SOKOTO,SO,S/BIRNI,13,0.6783426487,0.0095107357,S/BIRNITSAMAYE
5.4389,12.5711,7675,TSAMIYA,3,SOKOTO,SO,TURETA,20,0.220467064,0.0025496774,TURETATSAMIYA
5.7115,12.9283,7676,TSAMIYA,8,SOKOTO,SO,RABAH,12,0.1664072948,0.0013112736,RABAHTSAMIYA
6.2335,12.6045,7693,TSIBIRI,10,ZAMFARA,ZF,MARADUN,9,0.3142585809,0.0025347726,MARADUNTSIBIRI
5.7589,13.5519,7696,TSITSE,5,SOKOTO,SO,GADA,4,0.3066912669,0.0058568221,GADATSITSE
5.4561,11.2575,7712,TUDUN KUKA,9,KEBBI,KB,SAKABA,16,0.0997837107,0.0001850936,SAKABATUDUN KUKA
6.7261,12.1484,7719,TUDUN WADA,9,ZAMFARA,ZF,GUSAU,7,0.3362217069,0.0038754631,GUSAUTUDUN WADA
6.5662,9.5949,7723,TUDUN WADA NORTH,10,NIGER,NG,CHANCHAGA,6,0.0475536335,0.00009467551,CHANCHAGATUDUN WADA NORTH
6.5540,9.5920,7725,TUDUN WADA SOUTH,11,NIGER,NG,CHANCHAGA,6,0.058633699,0.0001946083,CHANCHAGATUDUN WADA SOUTH
6.8452,9.2214,7729,TUFA,10,NIGER,NG,GURARA,9,0.4405001231,0.0072950497,GURARATUFA
5.7935,9.6080,7732,TUKUNJI/YAMIGI,10,NIGER,NG,WUSHISHI,25,0.8057430727,0.0258671536,WUSHISHITUKUNJI/YAMIGI
5.1450,12.9471,7737,TULLUWA/KULAFASA,7,SOKOTO,SO,BODINGA,2,0.2260573592,0.0031086313,BODINGATULLUWA/KULAFASA
4.3192,13.4623,7738,TULUN DOYA,10,SOKOTO,SO,GUDU,6,0.2474364891,0.0025484625,GUDUTULUN DOYA
4.0422,12.2095,7749,TUNGA,9,KEBBI,KB,BUNZA,7,0.1256630678,0.0005484992,BUNZATUNGA
5.4241,13.0705,7750,TUNGA/ MALLAMAWA,9,SOKOTO,SO,KWARE,10,0.2221731636,0.0020478024,KWARETUNGA/ MALLAMAWA
5.3740,10.3882,7752,TUNGAN KAWO,11,NIGER,NG,KONTAGORA,11,0.1651914173,0.0001811352,KONTAGORATUNGAN KAWO
5.3631,10.3190,7754,TUNGANWAWA,10,NIGER,NG,KONTAGORA,11,0.2694443406,0.0038316622,KONTAGORATUNGANWAWA
4.4133,12.7243,7755,TUNGAR ZAZZAGAWA/RUMBUKI/SARKAWA,11,KEBBI,KB,ARGUNGU,3,0.2942874845,0.0051870672,ARGUNGUTUNGAR ZAZZAGAWA/RUMBUKI/SARKAWA
5.2506,12.9710,7759,TUNTUBE/TSEHE,8,SOKOTO,SO,DANGE/SHUNI,3,0.1681488343,0.0016381008,DANGE/SHUNITUNTUBE/TSEHE
6.3450,13.2614,7766,TURBA,3,SOKOTO,SO,ISA,9,0.2599749953,0.0041084682,ISATURBA
5.5250,12.6011,7769,TURETA GARI,7,SOKOTO,SO,TURETA,20,0.1913893559,0.0018419575,TURETATURETA GARI
5.6646,13.1984,7771,TURSA,11,SOKOTO,SO,RABAH,12,0.2302706941,0.0015238351,RABAHTURSA
6.5640,9.4198,7775,TUTUNGO JEDNA,11,NIGER,NG,PAIKORO,19,0.5060057775,0.0158349691,PAIKOROTUTUNGO JEDNA
5.0776,12.1692,7785,UBANDAWAKI,11,ZAMFARA,ZF,GUMMI,6,0.1864995039,0.0013395544,GUMMIUBANDAWAKI
6.6347,9.8481,7787,UBANDOMA,15,NIGER,NG,SHIRORO,22,0.6776052935,0.0225136739,SHIROROUBANDOMA
4.4109,12.5335,7909,UJARIYO,15,KEBBI,KB,BIRNIN KEBBI,6,0.1923341509,0.0023357179,BIRNIN KEBBIUJARIYO
6.0084,9.0713,7969,UMARU MAJIGI  II,13,NIGER,NG,BIDA,3,0.0206043144,0.00002591505,BIDAUMARU MAJIGI  II
6.0099,9.0770,7970,UMARU/MAJIGI  I,12,NIGER,NG,BIDA,3,0.0151859732,0.00001208859,BIDAUMARU/MAJIGI  I
4.6753,12.0234,8125,UNGUSHI,9,SOKOTO,SO,KEBBE,11,0.2436121077,0.000219636,KEBBEUNGUSHI
6.0779,13.4972,8140,UNGUWAR LALLE,4,SOKOTO,SO,S/BIRNI,13,0.6200532464,0.0207975165,S/BIRNIUNGUWAR LALLE
5.6320,10.3161,8192,USALLE,12,NIGER,NG,KONTAGORA,11,0.1498347288,0.0003774701,KONTAGORAUSALLE
5.0950,11.1865,8198,USHE,10,NIGER,NG,RIJAU,21,0.6140405272,0.0176393842,RIJAUUSHE
4.6524,10.5861,8219,UTONO/HOGE,9,KEBBI,KB,NGASKI,15,0.0839284109,0.00002463631,NGASKIUTONO/HOGE
5.4928,12.8083,8268,WABABE/SALAU,2,SOKOTO,SO,DANGE/SHUNI,3,0.6299203546,0.0162948751,DANGE/SHUNIWABABE/SALAU
5.9946,9.0901,8271,WADATA,14,NIGER,NG,BIDA,3,0.0513983157,0.00009130335,BIDAWADATA
5.5030,11.5772,8282,WAJE,8,KEBBI,KB,WASAGU/DANKO,19,1.6889336055,0.128706352,WASAGU/DANKOWAJE
5.0989,13.0309,8301,WAMAKKO,7,SOKOTO,SO,WAMAKKO,21,0.1197728265,0.0006997516,WAMAKKOWAMAKKO
7.1779,9.1737,8304,WAMBAI,10,NIGER,NG,SULEJA,23,0.0134419626,0.00000730933,SULEJAWAMBAI
6.6550,12.0168,8315,WANKE,10,ZAMFARA,ZF,GUSAU,7,0.5878116589,0.0239319345,GUSAUWANKE
4.6183,10.2208,8318,WARA,10,KEBBI,KB,NGASKI,15,0.0657709171,0.000144989,NGASKIWARA
5.8300,12.1760,8319,WARAMU,8,ZAMFARA,ZF,ANKA,1,0.3433582249,0.0060735315,ANKAWARAMU
5.3468,10.9018,8320,WARARI,11,NIGER,NG,RIJAU,21,0.4975539378,0.0131175894,RIJAUWARARI
5.8101,11.4356,8408,WASAGU,9,KEBBI,KB,WASAGU/DANKO,19,0.4486840145,0.0083399985,WASAGU/DANKOWASAGU
4.3952,9.8839,8418,WAWA,9,NIGER,NG,BORGU,4,0.7773918816,0.017302718,BORGUWAWA
5.2505,13.0754,8423,WAZIRI \A\,1,SOKOTO,SO,SOKOTO NORTH,16,0.0294713572,0.000053671,SOKOTO NORTHWAZIRI \A\
5.2523,13.0690,8424,WAZIRI \B\,2,SOKOTO,SO,SOKOTO NORTH,16,0.0221692085,0.00003227582,SOKOTO NORTHWAZIRI \B\
5.2581,13.0704,8425,WAZIRI \C\,3,SOKOTO,SO,SOKOTO NORTH,16,0.0188596945,0.000019464,SOKOTO NORTHWAZIRI \C\
6.9714,12.2429,8443,WONAKA,11,ZAMFARA,ZF,GUSAU,7,0.5154045026,0.0157636972,GUSAUWONAKA
4.0245,12.3330,8461,WUROGAURI,9,KEBBI,KB,KALGO,12,0.0585334337,0.0001700628,KALGOWUROGAURI
7.2411,9.3097,8466,WUSE  EAST,8,NIGER,NG,TAFA,24,0.0472947502,0.00004302043,TAFAWUSE  EAST
7.2408,9.3016,8467,WUSE WEST,7,NIGER,NG,TAFA,24,0.0217309766,0.00001502754,TAFAWUSE WEST
6.0842,12.0272,8468,WUYA,9,ZAMFARA,ZF,ANKA,1,0.3085853359,0.0052907961,ANKAWUYA
5.0204,12.7002,8477,YABO \A\,6,SOKOTO,SO,YABO,23,0.1227926876,0.0008871064,YABOYABO \A\
5.0015,12.7121,8478,YABO \B\,7,SOKOTO,SO,YABO,23,0.0890663035,0.000384806,YABOYABO \B\
6.1036,9.9226,8489,YAKILA,11,NIGER,NG,RAFI,20,0.3629774604,0.003139187,RAFIYAKILA
5.2577,11.6144,8497,YALMO/SHINDI,10,KEBBI,KB,WASAGU/DANKO,19,0.5081491393,0.015765482,WASAGU/DANKOYALMO/SHINDI
5.4615,10.4045,8510,YAMMA,13,NIGER,NG,KONTAGORA,11,0.0512283597,0.00006422287,KONTAGORAYAMMA
6.6411,12.8336,8515,YAN BUKI/ DUTSI,10,ZAMFARA,ZF,ZURMI,14,0.3889015918,0.0098706974,ZURMIYAN BUKI/ DUTSI
7.1172,12.0032,8516,"YAN KUZO \""B\""",2,ZAMFARA,ZF,TSAFE,13,0.2864911454,0.0046155198,"TSAFEYAN KUZO \""B\"""
7.0413,12.0066,8517,YAN WAREN DAJI,10,ZAMFARA,ZF,TSAFE,13,0.479751324,0.0125998246,TSAFEYAN WAREN DAJI
6.8622,12.0302,8526,YANDOTON DAJI,3,ZAMFARA,ZF,TSAFE,13,0.4252289882,0.0079623526,TSAFEYANDOTON DAJI
6.6400,13.3028,8530,YANFAKO,7,SOKOTO,SO,ISA,9,0.2966991513,0.0052071246,ISAYANFAKO
6.5803,12.6517,8537,YANKABA,11,ZAMFARA,ZF,KAURA NAMODA,8,0.1950186802,0.0013855769,KAURA NAMODAYANKABA
7.1009,11.9042,8542,"YANKUZO \""A\""",4,ZAMFARA,ZF,TSAFE,13,0.310444203,0.005652762,"TSAFEYANKUZO \""A\"""
5.9785,12.6005,8548,YAR GEDA,10,ZAMFARA,ZF,BAKURA,2,0.1533020912,0.001122471,BAKURAYAR GEDA
5.9416,12.6597,8550,YAR KUFOJI,6,ZAMFARA,ZF,BAKURA,2,0.0150188129,0.0000142764,BAKURAYAR KUFOJI
5.7809,12.8587,8551,YAR TSAKUWA,9,SOKOTO,SO,RABAH,12,0.3588525528,0.0039673081,RABAHYAR TSAKUWA
6.0571,12.1140,8552,YAR\SABAYA,10,ZAMFARA,ZF,ANKA,1,0.3209222715,0.0053253858,ANKAYAR\SABAYA
4.5539,11.2432,8555,YARBESSE,10,KEBBI,KB,SHANGA,17,0.2026196182,0.0019742399,SHANGAYARBESSE
5.6347,12.1709,8567,YASHI,8,ZAMFARA,ZF,BUKKUYUM,4,0.2328596604,0.003118481,BUKKUYUMYASHI
4.2188,12.8076,8582,YELDU,11,KEBBI,KB,AREWA,2,0.4496739646,0.0119187524,AREWAYELDU
4.7406,10.8370,8589,YELWA CENTRAL,5,KEBBI,KB,YAURI,20,0.0232692046,0.0000181348,YAURIYELWA CENTRAL
4.7433,10.8283,8590,YELWA EAST,6,KEBBI,KB,YAURI,20,0.0221969877,0.00002543229,YAURIYELWA EAST
4.7577,10.8477,8591,YELWA NORTH,7,KEBBI,KB,YAURI,20,0.1119889173,0.0003430657,YAURIYELWA NORTH
4.7404,10.8324,8592,YELWA SOUTH,8,KEBBI,KB,YAURI,20,0.0208403677,0.0000177208,YAURIYELWA SOUTH
4.7395,10.8267,8593,YELWA WEST,9,KEBBI,KB,YAURI,20,0.0208383956,0.00001930981,YAURIYELWA WEST
4.5215,12.8596,8601,YOLA,10,KEBBI,KB,AUGIE,4,0.226343709,0.0030458315,AUGIEYOLA
4.1128,11.5432,8624,ZAGGA/KWASARA,11,KEBBI,KB,BAGUDO,5,0.444600706,0.0110851601,BAGUDOZAGGA/KWASARA
4.7192,10.7407,8635,ZAMARE,10,KEBBI,KB,YAURI,20,0.1514146962,0.0004353077,YAURIZAMARE
4.2744,11.3030,8663,ZARIYA KALAKALA/AMIRU,10,KEBBI,KB,KOKO/BESSE,13,0.3744475958,0.0071990119,KOKO/BESSEZARIYA KALAKALA/AMIRU
5.5320,12.0552,8665,ZARUMMAI,9,ZAMFARA,ZF,BUKKUYUM,4,0.8079222827,0.0388378565,BUKKUYUMZARUMMAI
5.3821,12.2165,8666,ZAUMA,10,ZAMFARA,ZF,BUKKUYUM,4,0.4807240791,0.0092782084,BUKKUYUMZAUMA
4.2955,12.4908,8670,ZAURO,9,KEBBI,KB,BIRNIN KEBBI,6,0.1166211803,0.0006910383,BIRNIN KEBBIZAURO
5.4323,11.4938,8680,ZODI,10,KEBBI,KB,ZURU,21,0.2930842714,0.0042537172,ZURUZODI
3.9223,12.2647,8682,ZOGRIMA,10,KEBBI,KB,BUNZA,7,0.3029659193,0.0047531394,BUNZAZOGRIMA
4.0640,12.4040,8694,ZUGURU,10,KEBBI,KB,KALGO,12,0.0739317505,0.000042207,KALGOZUGURU
7.2217,9.1892,8696,ZUMA EAST,9,NIGER,NG,TAFA,24,0.0929770467,0.0003231279,TAFAZUMA EAST
7.2277,9.1492,8697,ZUMA WEST,10,NIGER,NG,TAFA,24,0.1309549686,0.0006050896,TAFAZUMA WEST
6.1840,9.7561,8701,ZUNGERU,11,NIGER,NG,WUSHISHI,25,0.2915351761,0.0034113511,WUSHISHIZUNGERU
6.7371,12.7937,8706,ZURMI,11,ZAMFARA,ZF,ZURMI,14,0.3233713049,0.0068826624,ZURMIZURMI